ID,Name,Type,Power,PP,Accuracy,Priority,Class,Effect,TM/HM,Learners
1,pound,normal,40,35,100,0,physical,,-,-
2,karate-chop,fighting,50,25,100,0,physical,high crit rate,-,-
3,double-slap,normal,15,10,85,0,physical,hits 2-5 times,-,-
4,comet-punch,normal,18,15,85,0,physical,hits 2-5 times,-,-
5,mega-punch,normal,80,20,85,0,physical,,TM01,"abra, alakazam, blastoise, chansey, charizard, charmander, charmeleon, clefable, clefairy, cubone, dragonite, drowzee, electabuzz, gengar, geodude, golduck, golem, graveler, hitmonchan, hitmonlee, hypno, jigglypuff, jynx, kadabra, kangaskhan, lickitung, machamp, machoke, machop, magmar, mankey, marowak, mew, mewtwo, mr-mime, nidoking, nidoqueen, pikachu, poliwhirl, poliwrath, primeape, psyduck, raichu, rhydon, slowbro, snorlax, squirtle, wartortle, wigglytuff"
6,pay-day,normal,40,20,100,0,physical,scatters money,TM16,"dewgong, eevee, flareon, golduck, jolteon, mankey, meowth, mew, mewtwo, nidoking, nidoqueen, persian, pikachu, primeape, psyduck, raichu, rapidash, rhydon, seel, slowbro, slowpoke, snorlax, vaporeon"
7,fire-punch,fire,75,15,100,0,physical,10% burn,-,-
8,ice-punch,ice,75,15,100,0,physical,10% freeze,-,-
9,thunder-punch,electric,75,15,100,0,physical,10% paralysis,-,-
10,scratch,normal,40,35,100,0,physical,,-,-
11,vice-grip,normal,55,30,100,0,physical,,-,-
12,guillotine,normal,-,5,30,0,physical,one-hit KO,-,-
13,razor-wind,normal,80,10,100,0,special,charges then attacks,TM02,"aerodactyl, articuno, butterfree, dragonite, farfetchd, fearow, golbat, kabutops, mew, moltres, pidgeot, pidgeotto, pidgey, spearow, venomoth, zapdos, zubat"
14,swords-dance,normal,-,20,-,0,status,raises attack,TM03,"beedrill, bellsprout, bulbasaur, charizard, charmander, charmeleon, cubone, dodrio, doduo, exeggcute, exeggutor, farfetchd, gloom, goldeen, ivysaur, kabutops, kingler, krabby, lickitung, marowak, meowth, mew, oddish, paras, parasect, pinsir, rapidash, raticate, rhydon, rhyhorn, sandshrew, sandslash, scyther, seaking, tangela, tentacool, tentacruel, venusaur, victreebel, vileplume, weepinbell"
15,cut,normal,50,30,95,0,physical,,HM01,"beedrill, bellsprout, bulbasaur, charizard, charmander, charmeleon, diglett, dragonite, dugtrio, farfetchd, gloom, ivysaur, kabutops, kangaskhan, kingler, krabby, lickitung, meowth, mew, nidoking, nidoqueen, nidoran-f, nidoran-m, nidorina, nidorino, oddish, paras, parasect, persian, pinsir, raticate, rattata, rhydon, sandshrew, sandslash, scyther, tangela, tentacool, tentacruel, venusaur, victreebel, vileplume, weepinbell"
16,gust,flying,40,35,100,0,special,hits flying Pokémon,-,-
17,wing-attack,flying,60,35,100,0,physical,,-,-
18,whirlwind,normal,-,20,-,-6,status,forces switch,TM04,"aerodactyl, articuno, butterfree, dodrio, doduo, farfetchd, fearow, golbat, mew, moltres, pidgeot, pidgeotto, pidgey, spearow, venomoth, zapdos, zubat"
19,fly,flying,90,15,95,0,physical,flies up high,HM02,"aerodactyl, articuno, charizard, dodrio, doduo, dragonite, farfetchd, fearow, golbat, mew, moltres, pidgeot, pidgeotto, pidgey, spearow, zapdos, zubat"
20,bind,normal,15,20,85,0,physical,traps for 2-5 turns,-,-
21,slam,normal,80,20,75,0,physical,,-,-
22,vine-whip,grass,45,25,100,0,physical,,-,-
23,stomp,normal,65,20,100,0,physical,30% flinch,-,-
24,double-kick,fighting,30,30,100,0,physical,hits twice,-,-
25,mega-kick,normal,120,5,75,0,physical,,TM05,"abra, alakazam, blastoise, chansey, charizard, charmander, charmeleon, clefable, clefairy, cubone, dragonite, drowzee, electabuzz, gengar, golduck, golem, hitmonchan, hitmonlee, hypno, jigglypuff, jynx, kabutops, kadabra, kangaskhan, lickitung, machamp, machoke, machop, magmar, mankey, marowak, mew, mewtwo, mr-mime, nidoking, nidoqueen, pikachu, poliwhirl, poliwrath, primeape, psyduck, raichu, rhydon, slowbro, snorlax, squirtle, wartortle, wigglytuff, zapdos"
26,jump-kick,fighting,100,10,95,0,physical,user takes recoil,-,-
27,rolling-kick,fighting,60,15,85,0,physical,30% flinch,-,-
28,sand-attack,ground,-,15,100,0,status,lowers accuracy,-,-
29,headbutt,normal,70,15,100,0,physical,30% flinch,-,-
30,horn-attack,normal,65,25,100,0,physical,,-,-
31,fury-attack,normal,15,20,85,0,physical,hits 2-5 times,-,-
32,horn-drill,normal,-,5,30,0,physical,one-hit KO,TM07,"dewgong, dragonair, dragonite, goldeen, lapras, mew, nidoking, nidoqueen, nidoran-m, nidorina, nidorino, omastar, ponyta, rapidash, rhydon, rhyhorn, seaking, seel, tauros"
33,tackle,normal,40,35,100,0,physical,,-,-
34,body-slam,normal,85,15,100,0,physical,30% paralysis,TM08,"abra, alakazam, arbok, arcanine, blastoise, bulbasaur, chansey, charizard, charmander, charmeleon, clefable, clefairy, cubone, dewgong, diglett, dodrio, doduo, dragonair, dragonite, dratini, drowzee, dugtrio, eevee, ekans, electabuzz, farfetchd, flareon, gengar, geodude, goldeen, golduck, golem, graveler, grimer, growlithe, gyarados, hitmonchan, hitmonlee, hypno, ivysaur, jigglypuff, jolteon, jynx, kabuto, kabutops, kadabra, kangaskhan, kingler, krabby, lapras, lickitung, machamp, machoke, machop, magmar, mankey, marowak, meowth, mew, mewtwo, mr-mime, muk, nidoking, nidoqueen, nidoran-f, nidoran-m, nidorina, nidorino, ninetales, omanyte, omastar, onix, paras, parasect, persian, pikachu, pinsir, poliwag, poliwhirl, poliwrath, ponyta, primeape, psyduck, raichu, rapidash, raticate, rattata, rhydon, rhyhorn, sandshrew, sandslash, seaking, seel, slowbro, slowpoke, snorlax, squirtle, tangela, tauros, vaporeon, venusaur, victreebel, vileplume, vulpix, wartortle, wigglytuff"
35,wrap,normal,15,20,90,0,physical,traps for 2-5 turns,-,-
36,take-down,normal,90,20,85,0,physical,user takes recoil,TM09,"abra, aerodactyl, alakazam, arbok, arcanine, articuno, beedrill, bellsprout, blastoise, bulbasaur, butterfree, chansey, charizard, charmander, charmeleon, clefable, clefairy, cloyster, cubone, dewgong, diglett, dodrio, doduo, dragonair, dragonite, dratini, drowzee, dugtrio, eevee, ekans, electabuzz, electrode, exeggcute, exeggutor, farfetchd, fearow, flareon, gengar, geodude, gloom, golbat, goldeen, golduck, golem, graveler, growlithe, gyarados, hitmonchan, hitmonlee, horsea, hypno, ivysaur, jigglypuff, jolteon, jynx, kabuto, kabutops, kadabra, kangaskhan, kingler, krabby, lapras, lickitung, machamp, machoke, machop, magmar, magnemite, magneton, mankey, marowak, meowth, mew, mewtwo, moltres, mr-mime, nidoking, nidoqueen, nidoran-f, nidoran-m, nidorina, nidorino, ninetales, oddish, omanyte, omastar, onix, paras, parasect, persian, pidgeot, pidgeotto, pidgey, pikachu, pinsir, poliwag, poliwhirl, poliwrath, ponyta, porygon, primeape, psyduck, raichu, rapidash, raticate, rattata, rhydon, rhyhorn, sandshrew, sandslash, scyther, seadra, seaking, seel, shellder, slowbro, slowpoke, snorlax, spearow, squirtle, starmie, staryu, tangela, tauros, tentacool, tentacruel, vaporeon, venomoth, venonat, venusaur, victreebel, vileplume, voltorb, vulpix, wartortle, weepinbell, wigglytuff, zapdos, zubat"
37,thrash,normal,120,10,100,0,physical,confuses user after,-,-
38,double-edge,normal,120,15,100,0,physical,user takes recoil,TM10,"abra, aerodactyl, alakazam, arbok, arcanine, articuno, beedrill, bellsprout, blastoise, bulbasaur, butterfree, chansey, charizard, charmander, charmeleon, clefable, clefairy, cloyster, cubone, dewgong, diglett, dodrio, doduo, dragonair, dragonite, dratini, drowzee, dugtrio, eevee, ekans, electabuzz, exeggcute, exeggutor, farfetchd, fearow, flareon, gengar, geodude, gloom, golbat, goldeen, golduck, golem, graveler, growlithe, gyarados, hitmonchan, hitmonlee, horsea, hypno, ivysaur, jigglypuff, jolteon, jynx, kabuto, kabutops, kadabra, kangaskhan, kingler, krabby, lapras, lickitung, machamp, machoke, machop, magmar, magnemite, magneton, mankey, marowak, meowth, mew, mewtwo, moltres, mr-mime, nidoking, nidoqueen, nidoran-f, nidoran-m, nidorina, nidorino, ninetales, oddish, omanyte, omastar, onix, paras, parasect, persian, pidgeot, pidgeotto, pidgey, pikachu, pinsir, poliwag, poliwhirl, poliwrath, ponyta, porygon, primeape, psyduck, raichu, rapidash, raticate, rattata, rhydon, rhyhorn, sandshrew, sandslash, scyther, seadra, seaking, seel, shellder, slowbro, slowpoke, snorlax, spearow, squirtle, starmie, staryu, tangela, tauros, tentacool, tentacruel, vaporeon, venomoth, venonat, venusaur, victreebel, vileplume, vulpix, wartortle, weepinbell, wigglytuff, zapdos, zubat"
39,tail-whip,normal,-,30,100,0,status,lowers defense,-,-
40,poison-sting,poison,15,35,100,0,physical,30% poison,-,-
41,twineedle,bug,25,20,100,0,physical,20% poison,-,-
42,pin-missile,bug,25,20,95,0,physical,hits 2-5 times,-,-
43,leer,normal,-,30,100,0,status,100% lower defense,-,-
44,bite,dark,60,25,100,0,physical,30% flinch,-,-
45,growl,normal,-,40,100,0,status,lowers attack,-,-
46,roar,normal,-,20,-,-6,status,special effect,-,-
47,sing,normal,-,15,55,0,status,puts target to sleep,-,-
48,supersonic,normal,-,20,55,0,status,confuses target,-,-
49,sonic-boom,normal,-,20,90,0,special,always 20 damage,-,-
50,disable,normal,-,20,100,0,status,disables move,-,-
51,acid,poison,40,30,100,0,special,10% lower defense,-,-
52,ember,fire,40,25,100,0,special,10% burn,-,-
53,flamethrower,fire,90,15,100,0,special,10% burn,-,-
54,mist,ice,-,30,-,0,status,special effect,-,-
55,water-gun,water,40,25,100,0,special,,TM12,"articuno, blastoise, chansey, clefable, clefairy, cloyster, cubone, dewgong, dragonair, dragonite, dratini, goldeen, golduck, gyarados, horsea, jigglypuff, jynx, kabuto, kabutops, kangaskhan, kingler, krabby, lapras, lickitung, marowak, meowth, mew, mewtwo, nidoking, nidoqueen, nidorina, nidorino, omanyte, omastar, persian, poliwag, poliwhirl, poliwrath, psyduck, raticate, rattata, rhydon, seadra, seaking, seel, shellder, slowbro, slowpoke, snorlax, squirtle, starmie, staryu, tentacool, tentacruel, vaporeon, wartortle, wigglytuff"
56,hydro-pump,water,110,5,80,0,special,,-,-
57,surf,water,90,15,100,0,special,hits all Pokémon,HM03,"blastoise, cloyster, dewgong, dragonair, dragonite, dratini, goldeen, golduck, gyarados, horsea, kabuto, kabutops, kangaskhan, kingler, krabby, lapras, lickitung, mew, nidoking, nidoqueen, omanyte, omastar, pikachu, poliwag, poliwhirl, poliwrath, psyduck, raichu, rhydon, seadra, seaking, seel, shellder, slowbro, slowpoke, snorlax, squirtle, starmie, staryu, tauros, tentacool, tentacruel, vaporeon, wartortle"
58,ice-beam,ice,90,10,100,0,special,10% freeze,TM13,"articuno, blastoise, chansey, clefable, clefairy, cloyster, cubone, dewgong, dragonair, dragonite, dratini, goldeen, golduck, gyarados, horsea, jigglypuff, jynx, kabuto, kabutops, kangaskhan, kingler, krabby, lapras, lickitung, marowak, mew, mewtwo, mr-mime, nidoking, nidoqueen, nidoran-f, nidoran-m, nidorina, nidorino, ninetales, omanyte, omastar, poliwag, poliwhirl, poliwrath, porygon, psyduck, raticate, rattata, rhydon, rhyhorn, sandshrew, sandslash, seadra, seaking, seel, shellder, slowbro, slowpoke, snorlax, squirtle, starmie, staryu, tauros, tentacool, tentacruel, vaporeon, vulpix, wartortle, wigglytuff"
59,blizzard,ice,110,5,70,0,special,10% freeze,TM14,"articuno, blastoise, chansey, clefable, clefairy, cloyster, cubone, dewgong, dragonair, dragonite, dratini, goldeen, golduck, gyarados, horsea, jigglypuff, jynx, kabuto, kabutops, kangaskhan, kingler, krabby, lapras, lickitung, marowak, mew, mewtwo, mr-mime, nidoking, nidoqueen, nidoran-f, nidoran-m, nidorina, nidorino, ninetales, omanyte, omastar, poliwag, poliwhirl, poliwrath, porygon, psyduck, raticate, rattata, rhydon, rhyhorn, sandshrew, sandslash, seadra, seaking, seel, shellder, slowbro, slowpoke, snorlax, squirtle, starmie, staryu, tauros, tentacool, tentacruel, vaporeon, vulpix, wartortle, wigglytuff"
60,psybeam,psychic,65,20,100,0,special,10% confusion,-,-
61,bubble-beam,water,65,20,100,0,special,10% lower speed,TM11,"articuno, blastoise, chansey, clefable, clefairy, cloyster, cubone, dewgong, dragonair, dragonite, dratini, goldeen, golduck, gyarados, horsea, jigglypuff, jynx, kabuto, kabutops, kangaskhan, kingler, krabby, lapras, lickitung, marowak, meowth, mew, mewtwo, nidoking, nidoqueen, nidorina, nidorino, omanyte, omastar, persian, poliwag, poliwhirl, poliwrath, psyduck, raticate, rattata, rhydon, seadra, seaking, seel, shellder, slowbro, slowpoke, snorlax, squirtle, starmie, staryu, tentacool, tentacruel, vaporeon, wartortle, wigglytuff"
62,aurora-beam,ice,65,20,100,0,special,10% lower attack,-,-
63,hyper-beam,normal,150,5,90,0,special,must recharge,TM15,"aerodactyl, alakazam, arbok, arcanine, articuno, beedrill, blastoise, butterfree, chansey, charizard, clefable, cloyster, dewgong, dodrio, dragonair, dragonite, dratini, dugtrio, electabuzz, electrode, exeggutor, fearow, flareon, gengar, golbat, golduck, golem, gyarados, hypno, jolteon, jynx, kabutops, kangaskhan, kingler, lapras, lickitung, machamp, magmar, magneton, marowak, mew, mewtwo, moltres, mr-mime, muk, nidoking, nidoqueen, ninetales, omastar, parasect, persian, pidgeot, pinsir, poliwrath, porygon, primeape, raichu, rapidash, raticate, rhydon, sandslash, scyther, seadra, seaking, slowbro, snorlax, starmie, tangela, tauros, tentacruel, vaporeon, venomoth, venusaur, victreebel, vileplume, weezing, wigglytuff, zapdos"
64,peck,flying,35,35,100,0,physical,,-,-
65,drill-peck,flying,80,20,100,0,physical,,-,-
66,submission,fighting,80,20,80,0,physical,user takes recoil,TM17,"abra, alakazam, blastoise, chansey, charizard, charmander, charmeleon, clefable, clefairy, cubone, drowzee, electabuzz, gengar, geodude, golduck, golem, graveler, hitmonchan, hitmonlee, hypno, jigglypuff, jynx, kabutops, kadabra, kangaskhan, lickitung, machamp, machoke, machop, magmar, mankey, marowak, mew, mewtwo, mr-mime, nidoking, nidoqueen, omastar, pikachu, pinsir, poliwhirl, poliwrath, primeape, psyduck, raichu, rhydon, sandshrew, sandslash, slowbro, snorlax, squirtle, wartortle, wigglytuff"
67,low-kick,fighting,-,20,100,0,physical,special effect,-,-
68,counter,fighting,-,20,100,-5,physical,special effect,TM18,"abra, alakazam, blastoise, chansey, charizard, charmander, charmeleon, clefable, clefairy, cubone, drowzee, electabuzz, gengar, geodude, golduck, golem, graveler, hitmonchan, hitmonlee, hypno, jigglypuff, jynx, kadabra, kangaskhan, lickitung, machamp, machoke, machop, magmar, mankey, marowak, mew, mewtwo, mr-mime, nidoking, nidoqueen, poliwhirl, poliwrath, primeape, psyduck, rhydon, slowbro, snorlax, squirtle, wartortle, wigglytuff"
69,seismic-toss,fighting,-,20,100,0,physical,damage = user level,TM19,"abra, alakazam, blastoise, chansey, charizard, charmander, charmeleon, clefable, clefairy, cubone, drowzee, electabuzz, gengar, geodude, golduck, golem, graveler, hitmonchan, hitmonlee, hypno, jigglypuff, jynx, kabutops, kadabra, kangaskhan, lickitung, machamp, machoke, machop, magmar, mankey, marowak, mew, mewtwo, mr-mime, nidoking, nidoqueen, omastar, pikachu, pinsir, poliwhirl, poliwrath, primeape, psyduck, raichu, rhydon, sandshrew, sandslash, slowbro, snorlax, squirtle, wartortle, wigglytuff"
70,strength,normal,80,15,100,0,physical,,HM04,"aerodactyl, arbok, arcanine, blastoise, bulbasaur, chansey, charizard, charmander, charmeleon, clefable, clefairy, cubone, dewgong, dragonite, ekans, electabuzz, exeggcute, exeggutor, flareon, gengar, geodude, golduck, golem, graveler, grimer, growlithe, gyarados, hitmonchan, hitmonlee, ivysaur, jigglypuff, jolteon, kangaskhan, kingler, krabby, lapras, lickitung, machamp, machoke, machop, magmar, mankey, marowak, mew, mewtwo, muk, nidoking, nidoqueen, nidoran-f, nidoran-m, nidorina, nidorino, onix, pikachu, pinsir, poliwhirl, poliwrath, ponyta, primeape, psyduck, raichu, rapidash, raticate, rhydon, rhyhorn, sandshrew, sandslash, seel, slowbro, slowpoke, snorlax, squirtle, tauros, vaporeon, venusaur, wartortle, wigglytuff"
71,absorb,grass,20,25,100,0,special,heals user,-,-
72,mega-drain,grass,40,15,100,0,special,heals user,TM21,"arbok, beedrill, bellsprout, bulbasaur, butterfree, ekans, exeggcute, exeggutor, gastly, gengar, gloom, golbat, grimer, haunter, ivysaur, kabuto, kabutops, mew, muk, oddish, paras, parasect, tangela, tentacool, tentacruel, venomoth, venonat, venusaur, victreebel, vileplume, weepinbell, zubat"
73,leech-seed,grass,-,10,90,0,status,special effect,-,-
74,growth,normal,-,20,-,0,status,raises attack,-,-
75,razor-leaf,grass,55,25,95,0,physical,special effect,-,-
76,solar-beam,grass,120,10,100,0,special,charges then attacks,TM22,"arcanine, beedrill, bellsprout, bulbasaur, butterfree, chansey, charizard, clefable, clefairy, exeggcute, exeggutor, gloom, ivysaur, jigglypuff, kangaskhan, lapras, lickitung, mew, mewtwo, moltres, mr-mime, ninetales, oddish, paras, parasect, ponyta, porygon, rapidash, snorlax, tangela, tauros, venomoth, venonat, venusaur, victreebel, vileplume, weepinbell, wigglytuff"
77,poison-powder,poison,-,35,75,0,status,poisons target,-,-
78,stun-spore,grass,-,30,75,0,status,paralyzes target,-,-
79,sleep-powder,grass,-,15,75,0,status,puts target to sleep,-,-
80,petal-dance,grass,120,10,100,0,special,confuses user after,-,-
81,string-shot,bug,-,40,95,0,status,lowers speed,-,-
82,dragon-rage,dragon,-,10,100,0,special,always 40 damage,TM23,"aerodactyl, arcanine, charizard, charmander, charmeleon, dragonair, dragonite, dratini, growlithe, gyarados, lapras, mew"
83,fire-spin,fire,35,15,85,0,special,traps for 2-5 turns,-,-
84,thunder-shock,electric,40,30,100,0,special,10% paralysis,-,-
85,thunderbolt,electric,90,15,100,0,special,10% paralysis,TM24,"chansey, clefable, clefairy, dragonair, dragonite, dratini, electabuzz, electrode, gastly, gengar, geodude, golem, graveler, grimer, gyarados, haunter, jigglypuff, jolteon, kangaskhan, koffing, lapras, lickitung, magnemite, magneton, mankey, marowak, meowth, mew, mewtwo, mr-mime, muk, nidoking, nidoqueen, nidoran-f, nidoran-m, nidorina, nidorino, persian, pikachu, porygon, primeape, raichu, raticate, rattata, rhydon, rhyhorn, snorlax, starmie, staryu, tauros, voltorb, weezing, wigglytuff, zapdos"
86,thunder-wave,electric,-,20,90,0,status,paralyzes target,TM45,"abra, alakazam, chansey, clefable, clefairy, dragonair, dragonite, dratini, drowzee, electabuzz, electrode, geodude, golem, graveler, gyarados, hypno, jigglypuff, jolteon, kadabra, magnemite, magneton, mew, mewtwo, mr-mime, pikachu, porygon, raichu, raticate, rattata, slowbro, slowpoke, starmie, staryu, voltorb, wigglytuff, zapdos"
87,thunder,electric,110,10,70,0,special,30% paralysis,TM25,"chansey, clefable, clefairy, dragonair, dragonite, dratini, electabuzz, electrode, gastly, gengar, geodude, golem, graveler, grimer, gyarados, haunter, jigglypuff, jolteon, kangaskhan, koffing, lapras, lickitung, magnemite, magneton, mankey, marowak, meowth, mew, mewtwo, mr-mime, muk, nidoking, nidoqueen, nidoran-f, nidoran-m, nidorina, nidorino, persian, pikachu, porygon, primeape, raichu, raticate, rattata, rhydon, rhyhorn, snorlax, starmie, staryu, tauros, voltorb, weezing, wigglytuff, zapdos"
88,rock-throw,rock,50,15,90,0,physical,,-,-
89,earthquake,ground,100,10,100,0,physical,hits all Pokémon,TM26,"aerodactyl, arbok, blastoise, chansey, charizard, cubone, diglett, dragonite, dugtrio, ekans, exeggutor, geodude, golem, graveler, gyarados, hitmonchan, hitmonlee, kangaskhan, lickitung, machamp, machoke, machop, mankey, marowak, mew, mewtwo, nidoking, nidoqueen, onix, pinsir, poliwhirl, poliwrath, primeape, rhydon, rhyhorn, sandshrew, sandslash, slowbro, slowpoke, snorlax, tauros, venusaur"
90,fissure,ground,-,5,30,0,physical,one-hit KO,TM27,"arbok, blastoise, charizard, cubone, diglett, dugtrio, ekans, geodude, golem, graveler, kangaskhan, lickitung, machamp, machoke, machop, marowak, mew, nidoking, nidoqueen, onix, poliwhirl, poliwrath, rhydon, rhyhorn, sandshrew, sandslash, slowbro, slowpoke, snorlax, tauros"
91,dig,ground,80,10,100,0,physical,digs underground,TM28,"alakazam, arbok, arcanine, blastoise, charizard, charmander, charmeleon, clefable, clefairy, cubone, diglett, dugtrio, eevee, ekans, flareon, geodude, golduck, golem, graveler, grimer, growlithe, jigglypuff, jolteon, kabuto, kabutops, kadabra, kangaskhan, kingler, krabby, lickitung, machamp, machoke, machop, mankey, marowak, meowth, mew, muk, nidoking, nidoqueen, nidoran-f, nidoran-m, nidorina, nidorino, ninetales, onix, paras, parasect, persian, pikachu, pinsir, poliwag, poliwhirl, poliwrath, primeape, psyduck, raichu, raticate, rattata, rhydon, rhyhorn, sandshrew, sandslash, slowbro, slowpoke, squirtle, vaporeon, vulpix, wartortle, wigglytuff"
92,toxic,poison,-,10,90,0,status,poisons target,TM06,"abra, aerodactyl, alakazam, arbok, arcanine, articuno, beedrill, bellsprout, blastoise, bulbasaur, butterfree, chansey, charizard, charmander, charmeleon, clefable, clefairy, cloyster, cubone, dewgong, diglett, dodrio, doduo, dragonair, dragonite, dratini, drowzee, dugtrio, eevee, ekans, electabuzz, electrode, exeggcute, exeggutor, farfetchd, fearow, flareon, gastly, gengar, geodude, gloom, golbat, goldeen, golduck, golem, graveler, grimer, growlithe, gyarados, haunter, hitmonchan, hitmonlee, horsea, hypno, ivysaur, jigglypuff, jolteon, jynx, kabuto, kabutops, kadabra, kangaskhan, kingler, koffing, krabby, lapras, lickitung, machamp, machoke, machop, magmar, magnemite, magneton, mankey, marowak, meowth, mew, mewtwo, moltres, mr-mime, muk, nidoking, nidoqueen, nidoran-f, nidoran-m, nidorina, nidorino, ninetales, oddish, omanyte, omastar, onix, paras, parasect, persian, pidgeot, pidgeotto, pidgey, pikachu, pinsir, poliwag, poliwhirl, poliwrath, ponyta, porygon, primeape, psyduck, raichu, rapidash, raticate, rattata, rhydon, rhyhorn, sandshrew, sandslash, scyther, seadra, seaking, seel, shellder, slowbro, slowpoke, snorlax, spearow, squirtle, starmie, staryu, tangela, tauros, tentacool, tentacruel, vaporeon, venomoth, venonat, venusaur, victreebel, vileplume, voltorb, vulpix, wartortle, weepinbell, weezing, wigglytuff, zapdos, zubat"
93,confusion,psychic,50,25,100,0,special,10% confusion,-,-
94,psychic,psychic,90,10,100,0,special,10% lower defense,TM29,"abra, alakazam, articuno, butterfree, chansey, clefable, clefairy, drowzee, electabuzz, exeggcute, exeggutor, gastly, gengar, golduck, haunter, hypno, jigglypuff, jynx, kadabra, lapras, magmar, mew, mewtwo, mr-mime, poliwag, poliwhirl, poliwrath, ponyta, porygon, psyduck, raichu, rapidash, slowbro, slowpoke, snorlax, starmie, staryu, venomoth, venonat, wigglytuff"
95,hypnosis,psychic,-,20,60,0,status,puts target to sleep,-,-
96,meditate,psychic,-,40,-,0,status,raises attack,-,-
97,agility,psychic,-,30,-,0,status,raises speed,-,-
98,quick-attack,normal,40,30,100,1,physical,,-,-
99,rage,normal,20,20,100,0,physical,special effect,TM20,"abra, aerodactyl, alakazam, arbok, arcanine, articuno, beedrill, bellsprout, blastoise, bulbasaur, butterfree, chansey, charizard, charmander, charmeleon, clefable, clefairy, cloyster, cubone, dewgong, diglett, dodrio, doduo, dragonair, dragonite, dratini, drowzee, dugtrio, eevee, ekans, electabuzz, electrode, exeggcute, exeggutor, farfetchd, fearow, flareon, gastly, gengar, geodude, gloom, golbat, goldeen, golduck, golem, graveler, grimer, growlithe, gyarados, haunter, hitmonchan, hitmonlee, horsea, hypno, ivysaur, jigglypuff, jolteon, jynx, kabuto, kabutops, kadabra, kangaskhan, kingler, koffing, krabby, lapras, lickitung, machamp, machoke, machop, magmar, magnemite, magneton, mankey, marowak, meowth, mew, mewtwo, moltres, mr-mime, muk, nidoking, nidoqueen, nidoran-f, nidoran-m, nidorina, nidorino, ninetales, oddish, omanyte, omastar, onix, paras, parasect, persian, pidgeot, pidgeotto, pidgey, pikachu, pinsir, poliwag, poliwhirl, poliwrath, ponyta, porygon, primeape, psyduck, raichu, rapidash, raticate, rattata, rhydon, rhyhorn, sandshrew, sandslash, scyther, seadra, seaking, seel, shellder, slowbro, slowpoke, snorlax, spearow, squirtle, starmie, staryu, tangela, tauros, tentacool, tentacruel, vaporeon, venomoth, venonat, venusaur, victreebel, vileplume, voltorb, vulpix, wartortle, weepinbell, weezing, wigglytuff, zapdos, zubat"
100,teleport,psychic,-,20,-,-6,status,special effect,TM30,"abra, alakazam, arcanine, butterfree, chansey, clefable, clefairy, cloyster, drowzee, electabuzz, electrode, exeggcute, exeggutor, hypno, jigglypuff, jynx, kadabra, magmar, magnemite, magneton, mew, mewtwo, mr-mime, porygon, raichu, shellder, slowbro, slowpoke, starmie, staryu, venomoth, voltorb, wigglytuff"
101,night-shade,ghost,-,15,100,0,special,damage = user level,-,-
102,mimic,normal,-,10,-,0,status,special effect,TM31,"abra, aerodactyl, alakazam, arbok, arcanine, articuno, beedrill, bellsprout, blastoise, bulbasaur, butterfree, chansey, charizard, charmander, charmeleon, clefable, clefairy, cloyster, cubone, dewgong, diglett, dodrio, doduo, dragonair, dragonite, dratini, drowzee, dugtrio, eevee, ekans, electabuzz, electrode, exeggcute, exeggutor, farfetchd, fearow, flareon, gastly, gengar, geodude, gloom, golbat, goldeen, golduck, golem, graveler, grimer, growlithe, gyarados, haunter, hitmonchan, hitmonlee, horsea, hypno, ivysaur, jigglypuff, jolteon, jynx, kabuto, kabutops, kadabra, kangaskhan, kingler, koffing, krabby, lapras, lickitung, machamp, machoke, machop, magmar, magnemite, magneton, mankey, marowak, meowth, mew, mewtwo, moltres, mr-mime, muk, nidoking, nidoqueen, nidoran-f, nidoran-m, nidorina, nidorino, ninetales, oddish, omanyte, omastar, onix, paras, parasect, persian, pidgeot, pidgeotto, pidgey, pikachu, pinsir, poliwag, poliwhirl, poliwrath, ponyta, porygon, primeape, psyduck, raichu, rapidash, raticate, rattata, rhydon, rhyhorn, sandshrew, sandslash, scyther, seadra, seaking, seel, shellder, slowbro, slowpoke, snorlax, spearow, squirtle, starmie, staryu, tangela, tauros, tentacool, tentacruel, vaporeon, venomoth, venonat, venusaur, victreebel, vileplume, voltorb, vulpix, wartortle, weepinbell, weezing, wigglytuff, zapdos, zubat"
103,screech,normal,-,40,85,0,status,lowers defense,-,-
104,double-team,normal,-,15,-,0,status,special effect,TM32,"abra, aerodactyl, alakazam, arbok, arcanine, articuno, beedrill, bellsprout, blastoise, bulbasaur, butterfree, chansey, charizard, charmander, charmeleon, clefable, clefairy, cloyster, cubone, dewgong, diglett, dodrio, doduo, dragonair, dragonite, dratini, drowzee, dugtrio, eevee, ekans, electabuzz, electrode, exeggcute, exeggutor, farfetchd, fearow, flareon, gastly, gengar, geodude, gloom, golbat, goldeen, golduck, golem, graveler, grimer, growlithe, gyarados, haunter, hitmonchan, hitmonlee, horsea, hypno, ivysaur, jigglypuff, jolteon, jynx, kabuto, kabutops, kadabra, kangaskhan, kingler, koffing, krabby, lapras, lickitung, machamp, machoke, machop, magmar, magnemite, magneton, mankey, marowak, meowth, mew, mewtwo, moltres, mr-mime, muk, nidoking, nidoqueen, nidoran-f, nidoran-m, nidorina, nidorino, ninetales, oddish, omanyte, omastar, onix, paras, parasect, persian, pidgeot, pidgeotto, pidgey, pikachu, pinsir, poliwag, poliwhirl, poliwrath, ponyta, porygon, primeape, psyduck, raichu, rapidash, raticate, rattata, rhydon, rhyhorn, sandshrew, sandslash, scyther, seadra, seaking, seel, shellder, slowbro, slowpoke, snorlax, spearow, squirtle, starmie, staryu, tangela, tauros, tentacool, tentacruel, vaporeon, venomoth, venonat, venusaur, victreebel, vileplume, voltorb, vulpix, wartortle, weepinbell, weezing, wigglytuff, zapdos, zubat"
105,recover,normal,-,10,-,0,status,heals user,-,-
106,harden,normal,-,30,-,0,status,raises defense,-,-
107,minimize,normal,-,10,-,0,status,special effect,-,-
108,smokescreen,normal,-,20,100,0,status,lowers accuracy,-,-
109,confuse-ray,ghost,-,10,100,0,status,confuses target,-,-
110,withdraw,water,-,40,-,0,status,raises defense,-,-
111,defense-curl,normal,-,40,-,0,status,raises defense,-,-
112,barrier,psychic,-,20,-,0,status,raises defense,-,-
113,light-screen,psychic,-,30,-,0,status,special effect,-,-
114,haze,ice,-,30,-,0,status,special effect,-,-
115,reflect,psychic,-,20,-,0,status,special effect,TM33,"abra, aerodactyl, alakazam, arcanine, articuno, beedrill, bellsprout, blastoise, bulbasaur, butterfree, chansey, charizard, charmander, charmeleon, clefable, clefairy, cloyster, dodrio, doduo, dragonair, dragonite, dratini, drowzee, eevee, electabuzz, electrode, exeggcute, exeggutor, farfetchd, flareon, gloom, growlithe, gyarados, hypno, ivysaur, jigglypuff, jolteon, jynx, kabuto, kabutops, kadabra, lapras, magnemite, magneton, mew, mewtwo, moltres, mr-mime, nidoking, nidoqueen, nidoran-f, nidoran-m, nidorina, nidorino, ninetales, oddish, omanyte, omastar, paras, parasect, pidgeot, pidgeotto, pidgey, pikachu, ponyta, porygon, raichu, rapidash, shellder, slowbro, slowpoke, snorlax, squirtle, starmie, staryu, tangela, tentacool, tentacruel, vaporeon, venomoth, venonat, venusaur, victreebel, vileplume, voltorb, vulpix, wartortle, weepinbell, wigglytuff, zapdos"
116,focus-energy,normal,-,30,-,0,status,special effect,-,-
117,bide,normal,-,10,-,1,physical,special effect,TM34,"abra, aerodactyl, alakazam, arbok, arcanine, articuno, beedrill, bellsprout, blastoise, bulbasaur, butterfree, chansey, charizard, charmander, charmeleon, clefable, clefairy, cloyster, cubone, dewgong, diglett, dodrio, doduo, dragonair, dragonite, dratini, drowzee, dugtrio, eevee, ekans, electabuzz, electrode, exeggcute, exeggutor, farfetchd, fearow, flareon, gastly, gengar, geodude, gloom, golbat, goldeen, golduck, golem, graveler, grimer, growlithe, gyarados, haunter, hitmonchan, hitmonlee, horsea, hypno, ivysaur, jigglypuff, jolteon, jynx, kabuto, kabutops, kadabra, kangaskhan, kingler, koffing, krabby, lapras, lickitung, machamp, machoke, machop, magmar, magnemite, magneton, mankey, marowak, meowth, mew, mewtwo, moltres, mr-mime, muk, nidoking, nidoqueen, nidoran-f, nidoran-m, nidorina, nidorino, ninetales, oddish, omanyte, omastar, onix, paras, parasect, persian, pidgeot, pidgeotto, pidgey, pikachu, pinsir, poliwag, poliwhirl, poliwrath, ponyta, porygon, primeape, psyduck, raichu, rapidash, raticate, rattata, rhydon, rhyhorn, sandshrew, sandslash, scyther, seadra, seaking, seel, shellder, slowbro, slowpoke, snorlax, spearow, squirtle, starmie, staryu, tangela, tauros, tentacool, tentacruel, vaporeon, venomoth, venonat, venusaur, victreebel, vileplume, voltorb, vulpix, wartortle, weepinbell, weezing, wigglytuff, zapdos, zubat"
118,metronome,normal,-,10,-,0,status,special effect,TM35,"abra, alakazam, chansey, clefable, clefairy, drowzee, electabuzz, gengar, geodude, golem, graveler, hitmonchan, hitmonlee, hypno, jynx, kadabra, machamp, machoke, machop, magmar, mankey, mew, mewtwo, mr-mime, poliwhirl, poliwrath, primeape, snorlax"
119,mirror-move,flying,-,20,-,0,status,special effect,-,-
120,self-destruct,normal,200,5,100,0,physical,user faints,TM36,"cloyster, electrode, exeggcute, exeggutor, gastly, gengar, geodude, golem, graveler, grimer, haunter, jigglypuff, koffing, mew, mewtwo, muk, onix, shellder, snorlax, voltorb, weezing, wigglytuff"
121,egg-bomb,normal,100,10,75,0,physical,,TM37,"chansey, exeggcute, exeggutor, mew"
122,lick,ghost,30,30,100,0,physical,30% paralysis,-,-
123,smog,poison,30,20,70,0,special,40% poison,-,-
124,sludge,poison,65,20,100,0,special,30% poison,-,-
125,bone-club,ground,65,20,85,0,physical,10% flinch,-,-
126,fire-blast,fire,110,5,85,0,special,10% burn,TM38,"aerodactyl, arcanine, chansey, charizard, charmander, charmeleon, clefable, clefairy, cubone, dragonair, dragonite, dratini, flareon, geodude, golem, graveler, grimer, growlithe, gyarados, jigglypuff, kangaskhan, koffing, lickitung, machamp, machoke, machop, magmar, marowak, mew, mewtwo, moltres, muk, nidoking, nidoqueen, ninetales, ponyta, rapidash, rhydon, rhyhorn, slowbro, slowpoke, snorlax, tauros, vulpix, weezing, wigglytuff"
127,waterfall,water,80,15,100,0,physical,20% flinch,-,-
128,clamp,water,35,15,85,0,physical,traps for 2-5 turns,-,-
129,swift,normal,60,20,-,0,special,never misses,TM39,"abra, aerodactyl, alakazam, arcanine, articuno, beedrill, butterfree, charizard, charmander, charmeleon, cloyster, cubone, dodrio, doduo, dragonair, dragonite, dratini, eevee, electabuzz, electrode, farfetchd, fearow, flareon, golbat, goldeen, golduck, growlithe, hitmonchan, hitmonlee, horsea, jolteon, kadabra, magnemite, magneton, mankey, marowak, meowth, mew, mewtwo, moltres, ninetales, persian, pidgeot, pidgeotto, pidgey, pikachu, ponyta, porygon, primeape, psyduck, raichu, rapidash, raticate, rattata, sandshrew, sandslash, scyther, seadra, seaking, shellder, slowbro, slowpoke, spearow, starmie, staryu, vaporeon, venomoth, venonat, voltorb, vulpix, zapdos, zubat"
130,skull-bash,normal,130,10,100,0,physical,raises attack,TM40,"abra, alakazam, arbok, arcanine, beedrill, blastoise, chansey, charizard, charmander, charmeleon, clefable, clefairy, cubone, dewgong, dodrio, doduo, dragonair, dragonite, dratini, drowzee, eevee, ekans, electabuzz, electrode, farfetchd, flareon, gengar, goldeen, golduck, growlithe, gyarados, hitmonchan, hitmonlee, horsea, hypno, jigglypuff, jolteon, jynx, kabutops, kadabra, kangaskhan, lapras, lickitung, machamp, machoke, machop, magmar, mankey, marowak, meowth, mew, mewtwo, mr-mime, nidoking, nidoqueen, nidoran-f, nidoran-m, nidorina, nidorino, ninetales, omastar, onix, paras, parasect, persian, pikachu, poliwag, poliwhirl, poliwrath, ponyta, porygon, primeape, psyduck, raichu, rapidash, raticate, rattata, rhydon, rhyhorn, sandshrew, sandslash, scyther, seadra, seaking, seel, slowbro, slowpoke, snorlax, squirtle, starmie, staryu, tangela, tauros, tentacool, tentacruel, vaporeon, vulpix, wartortle, wigglytuff"
131,spike-cannon,normal,20,15,100,0,physical,hits 2-5 times,-,-
132,constrict,normal,10,35,100,0,physical,10% lower speed,-,-
133,amnesia,psychic,-,20,-,0,status,raises defense,-,-
134,kinesis,psychic,-,15,80,0,status,lowers accuracy,-,-
135,soft-boiled,normal,-,10,-,0,status,heals user,TM41,"chansey, mew"
136,high-jump-kick,fighting,130,10,90,0,physical,user takes recoil,-,-
137,glare,normal,-,30,100,0,status,paralyzes target,-,-
138,dream-eater,psychic,100,15,100,0,special,only on sleeping,TM42,"abra, alakazam, butterfree, chansey, clefable, clefairy, drowzee, exeggcute, exeggutor, gastly, gengar, haunter, hypno, jigglypuff, jynx, kadabra, lapras, lickitung, marowak, meowth, mew, mewtwo, mr-mime, ninetales, persian, porygon, slowbro, slowpoke, starmie, venomoth, wigglytuff"
139,poison-gas,poison,-,40,90,0,status,poisons target,-,-
140,barrage,normal,15,20,85,0,physical,hits 2-5 times,-,-
141,leech-life,bug,80,10,100,0,physical,heals user,-,-
142,lovely-kiss,normal,-,10,75,0,status,puts target to sleep,-,-
143,sky-attack,flying,140,5,90,0,physical,charges then attacks,TM43,"aerodactyl, articuno, dodrio, doduo, fearow, mew, moltres, pidgeot, pidgeotto, pidgey, spearow, zapdos"
144,transform,normal,-,10,-,0,status,copies target,-,-
145,bubble,water,40,30,100,0,special,10% lower speed,-,-
146,dizzy-punch,normal,70,10,100,0,physical,20% confusion,-,-
147,spore,grass,-,15,100,0,status,puts target to sleep,-,-
148,flash,normal,-,20,100,0,status,lowers accuracy,HM05,"abra, alakazam, beedrill, bellsprout, bulbasaur, butterfree, chansey, clefable, clefairy, drowzee, electabuzz, electrode, exeggcute, exeggutor, gloom, golduck, hypno, ivysaur, jigglypuff, jolteon, jynx, kadabra, koffing, magnemite, magneton, meowth, mew, mewtwo, mr-mime, oddish, paras, parasect, persian, pikachu, porygon, psyduck, raichu, slowbro, slowpoke, starmie, staryu, tangela, venomoth, venonat, venusaur, victreebel, vileplume, voltorb, weepinbell, weezing, wigglytuff, zapdos"
149,psywave,psychic,-,15,100,0,special,random damage,TM46,"abra, alakazam, butterfree, chansey, clefable, clefairy, drowzee, electabuzz, exeggcute, exeggutor, gastly, gengar, haunter, hypno, jigglypuff, jynx, kadabra, lapras, magmar, mew, mewtwo, mr-mime, poliwag, poliwhirl, poliwrath, porygon, slowbro, slowpoke, snorlax, starmie, staryu, venomoth, venonat, wigglytuff"
150,splash,normal,-,40,-,0,status,does nothing,-,-
151,acid-armor,poison,-,20,-,0,status,raises defense,-,-
152,crabhammer,water,100,10,90,0,physical,special effect,-,-
153,explosion,normal,250,5,100,0,physical,user faints,TM47,"cloyster, electrode, exeggcute, exeggutor, gastly, gengar, geodude, golem, graveler, grimer, haunter, koffing, magnemite, magneton, mew, muk, onix, shellder, voltorb, weezing"
154,fury-swipes,normal,18,15,80,0,physical,hits 2-5 times,-,-
155,bonemerang,ground,50,10,90,0,physical,hits twice,-,-
156,rest,psychic,-,10,-,0,status,sleep and heal,TM44,"abra, aerodactyl, alakazam, arbok, arcanine, articuno, beedrill, bellsprout, blastoise, bulbasaur, butterfree, chansey, charizard, charmander, charmeleon, clefable, clefairy, cloyster, cubone, dewgong, diglett, dodrio, doduo, dragonair, dragonite, dratini, drowzee, dugtrio, eevee, ekans, electabuzz, electrode, exeggcute, exeggutor, farfetchd, fearow, flareon, gastly, gengar, geodude, gloom, golbat, goldeen, golduck, golem, graveler, grimer, growlithe, gyarados, haunter, hitmonchan, hitmonlee, horsea, hypno, ivysaur, jigglypuff, jolteon, jynx, kabuto, kabutops, kadabra, kangaskhan, kingler, koffing, krabby, lapras, lickitung, machamp, machoke, machop, magmar, magnemite, magneton, mankey, marowak, meowth, mew, mewtwo, moltres, mr-mime, muk, nidoking, nidoqueen, nidoran-f, nidoran-m, nidorina, nidorino, ninetales, oddish, omanyte, omastar, onix, paras, parasect, persian, pidgeot, pidgeotto, pidgey, pikachu, pinsir, poliwag, poliwhirl, poliwrath, ponyta, porygon, primeape, psyduck, raichu, rapidash, raticate, rattata, rhydon, rhyhorn, sandshrew, sandslash, scyther, seadra, seaking, seel, shellder, slowbro, slowpoke, snorlax, spearow, squirtle, starmie, staryu, tangela, tauros, tentacool, tentacruel, vaporeon, venomoth, venonat, venusaur, victreebel, vileplume, voltorb, vulpix, wartortle, weepinbell, weezing, wigglytuff, zapdos, zubat"
157,rock-slide,rock,75,10,90,0,physical,30% flinch,TM48,"aerodactyl, arbok, blastoise, chansey, charizard, charmander, charmeleon, cubone, diglett, dragonite, dugtrio, ekans, geodude, golem, graveler, grimer, hitmonchan, hitmonlee, kabuto, kabutops, kangaskhan, kingler, krabby, lickitung, machamp, machoke, machop, mankey, marowak, mew, mewtwo, muk, nidoking, nidoqueen, omanyte, omastar, onix, pinsir, poliwrath, primeape, rhydon, rhyhorn, sandshrew, sandslash, snorlax, squirtle, tauros, wartortle"
158,hyper-fang,normal,80,15,90,0,physical,10% flinch,-,-
159,sharpen,normal,-,30,-,0,status,raises attack,-,-
160,conversion,normal,-,30,-,0,status,special effect,-,-
161,tri-attack,normal,80,10,100,0,special,20% burn/freeze/para,TM49,"abra, alakazam, chansey, clefable, clefairy, cloyster, dodrio, doduo, drowzee, dugtrio, fearow, hypno, jigglypuff, kadabra, magneton, mew, mewtwo, porygon, shellder, slowbro, slowpoke, spearow, starmie, staryu, wigglytuff"
162,super-fang,normal,-,10,90,0,physical,half target HP,-,-
163,slash,normal,70,20,100,0,physical,special effect,-,-
164,substitute,normal,-,10,-,0,status,creates substitute,TM50,"abra, aerodactyl, alakazam, arbok, arcanine, articuno, beedrill, bellsprout, blastoise, bulbasaur, butterfree, chansey, charizard, charmander, charmeleon, clefable, clefairy, cloyster, cubone, dewgong, diglett, dodrio, doduo, dragonair, dragonite, dratini, drowzee, dugtrio, eevee, ekans, electabuzz, electrode, exeggcute, exeggutor, farfetchd, fearow, flareon, gastly, gengar, geodude, gloom, golbat, goldeen, golduck, golem, graveler, grimer, growlithe, gyarados, haunter, hitmonchan, hitmonlee, horsea, hypno, ivysaur, jigglypuff, jolteon, jynx, kabuto, kabutops, kadabra, kangaskhan, kingler, koffing, krabby, lapras, lickitung, machamp, machoke, machop, magmar, magnemite, magneton, mankey, marowak, meowth, mew, mewtwo, moltres, mr-mime, muk, nidoking, nidoqueen, nidoran-f, nidoran-m, nidorina, nidorino, ninetales, oddish, omanyte, omastar, onix, paras, parasect, persian, pidgeot, pidgeotto, pidgey, pikachu, pinsir, poliwag, poliwhirl, poliwrath, ponyta, porygon, primeape, psyduck, raichu, rapidash, raticate, rattata, rhydon, rhyhorn, sandshrew, sandslash, scyther, seadra, seaking, seel, shellder, slowbro, slowpoke, snorlax, spearow, squirtle, starmie, staryu, tangela, tauros, tentacool, tentacruel, vaporeon, venomoth, venonat, venusaur, victreebel, vileplume, voltorb, vulpix, wartortle, weepinbell, weezing, wigglytuff, zapdos, zubat"
165,struggle,normal,50,1,-,0,physical,user takes recoil,-,-
