ID,Name,Types,Base_Stats,Evolves_into,HMs,TMs,Level_up_Moves
1,bulbasaur,"grass, poison","{""HP"":45,""ATTACK"":49,""DEFENCE"":49,""SPECIAL"":65,""SPEED"":45}","{""POKEMON"":""ivysaur"",""LEVEL"":16}",cut,"bide, body-slam, double-edge, double-team, mega-drain, mimic, rage, reflect, rest, solar-beam, substitute, swords-dance, take-down, toxic","[{""move"":""tackle"",""level"":1},{""move"":""growl"",""level"":1},{""move"":""leech-seed"",""level"":7},{""move"":""vine-whip"",""level"":13},{""move"":""poison-powder"",""level"":20},{""move"":""razor-leaf"",""level"":27},{""move"":""growth"",""level"":34},{""move"":""sleep-powder"",""level"":41},{""move"":""solar-beam"",""level"":48}]"
2,ivysaur,"grass, poison","{""HP"":60,""ATTACK"":62,""DEFENCE"":63,""SPECIAL"":80,""SPEED"":60}","{""POKEMON"":""venusaur"",""LEVEL"":32}",cut,"bide, body-slam, double-edge, double-team, mega-drain, mimic, rage, reflect, rest, solar-beam, substitute, swords-dance, take-down, toxic","[{""move"":""tackle"",""level"":1},{""move"":""growl"",""level"":1},{""move"":""leech-seed"",""level"":1},{""move"":""leech-seed"",""level"":7},{""move"":""vine-whip"",""level"":13},{""move"":""poison-powder"",""level"":22},{""move"":""razor-leaf"",""level"":30},{""move"":""growth"",""level"":38},{""move"":""sleep-powder"",""level"":46},{""move"":""solar-beam"",""level"":54}]"
3,venusaur,"grass, poison","{""HP"":80,""ATTACK"":82,""DEFENCE"":83,""SPECIAL"":100,""SPEED"":80}",{},cut,"bide, body-slam, double-edge, double-team, hyper-beam, mega-drain, mimic, rage, reflect, rest, solar-beam, substitute, swords-dance, take-down, toxic","[{""move"":""vine-whip"",""level"":1},{""move"":""tackle"",""level"":1},{""move"":""growl"",""level"":1},{""move"":""leech-seed"",""level"":1},{""move"":""leech-seed"",""level"":7},{""move"":""vine-whip"",""level"":13},{""move"":""poison-powder"",""level"":22},{""move"":""razor-leaf"",""level"":30},{""move"":""growth"",""level"":43},{""move"":""sleep-powder"",""level"":55},{""move"":""solar-beam"",""level"":65}]"
4,charmander,fire,"{""HP"":39,""ATTACK"":52,""DEFENCE"":43,""SPECIAL"":60,""SPEED"":65}","{""POKEMON"":""charmeleon"",""LEVEL"":16}","cut, strength","bide, body-slam, counter, dig, double-edge, double-team, dragon-rage, fire-blast, mega-kick, mega-punch, mimic, rage, reflect, rest, seismic-toss, skull-bash, submission, substitute, swift, swords-dance, take-down, toxic","[{""move"":""scratch"",""level"":1},{""move"":""growl"",""level"":1},{""move"":""ember"",""level"":9},{""move"":""leer"",""level"":15},{""move"":""rage"",""level"":22},{""move"":""slash"",""level"":30},{""move"":""flamethrower"",""level"":38},{""move"":""fire-spin"",""level"":46}]"
5,charmeleon,fire,"{""HP"":58,""ATTACK"":64,""DEFENCE"":58,""SPECIAL"":80,""SPEED"":80}","{""POKEMON"":""charizard"",""LEVEL"":36}","cut, strength","bide, body-slam, counter, dig, double-edge, double-team, dragon-rage, fire-blast, mega-kick, mega-punch, mimic, rage, reflect, rest, seismic-toss, skull-bash, submission, substitute, swift, swords-dance, take-down, toxic","[{""move"":""scratch"",""level"":1},{""move"":""growl"",""level"":1},{""move"":""ember"",""level"":1},{""move"":""ember"",""level"":9},{""move"":""leer"",""level"":15},{""move"":""rage"",""level"":24},{""move"":""slash"",""level"":33},{""move"":""flamethrower"",""level"":42},{""move"":""fire-spin"",""level"":56}]"
6,charizard,"fire, flying","{""HP"":78,""ATTACK"":84,""DEFENCE"":78,""SPECIAL"":109,""SPEED"":100}",{},"cut, fly, strength","bide, body-slam, counter, dig, double-edge, double-team, dragon-rage, earthquake, fire-blast, fissure, hyper-beam, mega-kick, mega-punch, mimic, rage, reflect, rest, seismic-toss, skull-bash, submission, substitute, swift, swords-dance, take-down, toxic","[{""move"":""scratch"",""level"":1},{""move"":""leer"",""level"":1},{""move"":""growl"",""level"":1},{""move"":""ember"",""level"":1},{""move"":""ember"",""level"":9},{""move"":""leer"",""level"":15},{""move"":""rage"",""level"":24},{""move"":""slash"",""level"":36},{""move"":""flamethrower"",""level"":46},{""move"":""fire-spin"",""level"":55}]"
7,squirtle,water,"{""HP"":44,""ATTACK"":48,""DEFENCE"":65,""SPECIAL"":50,""SPEED"":43}","{""POKEMON"":""wartortle"",""LEVEL"":16}","strength, surf","bide, blizzard, body-slam, bubble-beam, counter, dig, double-edge, double-team, ice-beam, mega-kick, mega-punch, mimic, rage, reflect, rest, seismic-toss, skull-bash, submission, substitute, take-down, toxic, water-gun","[{""move"":""tackle"",""level"":1},{""move"":""tail-whip"",""level"":1},{""move"":""bubble"",""level"":8},{""move"":""water-gun"",""level"":15},{""move"":""bite"",""level"":22},{""move"":""withdraw"",""level"":28},{""move"":""skull-bash"",""level"":35},{""move"":""hydro-pump"",""level"":42}]"
8,wartortle,water,"{""HP"":59,""ATTACK"":63,""DEFENCE"":80,""SPECIAL"":65,""SPEED"":58}","{""POKEMON"":""blastoise"",""LEVEL"":36}","strength, surf","bide, blizzard, body-slam, bubble-beam, counter, dig, double-edge, double-team, ice-beam, mega-kick, mega-punch, mimic, rage, reflect, rest, seismic-toss, skull-bash, submission, substitute, take-down, toxic, water-gun","[{""move"":""tackle"",""level"":1},{""move"":""tail-whip"",""level"":1},{""move"":""bubble"",""level"":1},{""move"":""bubble"",""level"":8},{""move"":""water-gun"",""level"":15},{""move"":""bite"",""level"":24},{""move"":""withdraw"",""level"":31},{""move"":""skull-bash"",""level"":39},{""move"":""hydro-pump"",""level"":47}]"
9,blastoise,water,"{""HP"":79,""ATTACK"":83,""DEFENCE"":100,""SPECIAL"":85,""SPEED"":78}",{},"strength, surf","bide, blizzard, body-slam, bubble-beam, counter, dig, double-edge, double-team, earthquake, fissure, hyper-beam, ice-beam, mega-kick, mega-punch, mimic, rage, reflect, rest, seismic-toss, skull-bash, submission, substitute, take-down, toxic, water-gun","[{""move"":""tackle"",""level"":1},{""move"":""tail-whip"",""level"":1},{""move"":""water-gun"",""level"":1},{""move"":""bubble"",""level"":1},{""move"":""bubble"",""level"":8},{""move"":""water-gun"",""level"":15},{""move"":""bite"",""level"":24},{""move"":""withdraw"",""level"":31},{""move"":""skull-bash"",""level"":42},{""move"":""hydro-pump"",""level"":52}]"
10,caterpie,bug,"{""HP"":45,""ATTACK"":30,""DEFENCE"":35,""SPECIAL"":20,""SPEED"":45}","{""POKEMON"":""metapod"",""LEVEL"":7}",,,"[{""move"":""tackle"",""level"":1},{""move"":""string-shot"",""level"":1}]"
11,metapod,bug,"{""HP"":50,""ATTACK"":20,""DEFENCE"":55,""SPECIAL"":25,""SPEED"":30}","{""POKEMON"":""butterfree"",""LEVEL"":10}",,,"[{""move"":""harden"",""level"":1}]"
12,butterfree,"bug, flying","{""HP"":60,""ATTACK"":45,""DEFENCE"":50,""SPECIAL"":90,""SPEED"":70}",{},flash,"bide, double-edge, double-team, hyper-beam, mega-drain, mimic, psychic, psywave, rage, razor-wind, reflect, rest, solar-beam, substitute, swift, take-down, teleport, toxic, whirlwind","[{""move"":""confusion"",""level"":1},{""move"":""confusion"",""level"":12},{""move"":""poison-powder"",""level"":15},{""move"":""stun-spore"",""level"":16},{""move"":""sleep-powder"",""level"":17},{""move"":""supersonic"",""level"":21},{""move"":""whirlwind"",""level"":26},{""move"":""psybeam"",""level"":32}]"
13,weedle,"bug, poison","{""HP"":40,""ATTACK"":35,""DEFENCE"":30,""SPECIAL"":20,""SPEED"":50}","{""POKEMON"":""kakuna"",""LEVEL"":7}",,,"[{""move"":""poison-sting"",""level"":1},{""move"":""string-shot"",""level"":1}]"
14,kakuna,"bug, poison","{""HP"":45,""ATTACK"":25,""DEFENCE"":50,""SPECIAL"":25,""SPEED"":35}","{""POKEMON"":""beedrill"",""LEVEL"":10}",,,"[{""move"":""harden"",""level"":1}]"
15,beedrill,"bug, poison","{""HP"":65,""ATTACK"":90,""DEFENCE"":40,""SPECIAL"":45,""SPEED"":75}",{},cut,"bide, double-edge, double-team, hyper-beam, mega-drain, mimic, rage, reflect, rest, skull-bash, substitute, swift, swords-dance, take-down, toxic","[{""move"":""fury-attack"",""level"":1},{""move"":""fury-attack"",""level"":12},{""move"":""focus-energy"",""level"":16},{""move"":""twineedle"",""level"":20},{""move"":""rage"",""level"":25},{""move"":""pin-missile"",""level"":30},{""move"":""agility"",""level"":35}]"
16,pidgey,"normal, flying","{""HP"":40,""ATTACK"":45,""DEFENCE"":40,""SPECIAL"":35,""SPEED"":56}","{""POKEMON"":""pidgeotto"",""LEVEL"":18}",fly,"bide, double-edge, double-team, mimic, rage, razor-wind, reflect, rest, sky-attack, substitute, swift, take-down, toxic, whirlwind","[{""move"":""gust"",""level"":1},{""move"":""sand-attack"",""level"":5},{""move"":""quick-attack"",""level"":12},{""move"":""whirlwind"",""level"":19},{""move"":""wing-attack"",""level"":28},{""move"":""agility"",""level"":36},{""move"":""mirror-move"",""level"":44}]"
17,pidgeotto,"normal, flying","{""HP"":63,""ATTACK"":60,""DEFENCE"":55,""SPECIAL"":50,""SPEED"":71}","{""POKEMON"":""pidgeot"",""LEVEL"":36}",fly,"bide, double-edge, double-team, mimic, rage, razor-wind, reflect, rest, sky-attack, substitute, swift, take-down, toxic, whirlwind","[{""move"":""gust"",""level"":1},{""move"":""sand-attack"",""level"":1},{""move"":""sand-attack"",""level"":5},{""move"":""quick-attack"",""level"":12},{""move"":""whirlwind"",""level"":21},{""move"":""wing-attack"",""level"":31},{""move"":""agility"",""level"":40},{""move"":""mirror-move"",""level"":49}]"
18,pidgeot,"normal, flying","{""HP"":83,""ATTACK"":80,""DEFENCE"":75,""SPECIAL"":70,""SPEED"":101}",{},fly,"bide, double-edge, double-team, hyper-beam, mimic, rage, razor-wind, reflect, rest, sky-attack, substitute, swift, take-down, toxic, whirlwind","[{""move"":""gust"",""level"":1},{""move"":""sand-attack"",""level"":1},{""move"":""quick-attack"",""level"":1},{""move"":""sand-attack"",""level"":5},{""move"":""quick-attack"",""level"":12},{""move"":""whirlwind"",""level"":21},{""move"":""wing-attack"",""level"":31},{""move"":""agility"",""level"":44},{""move"":""mirror-move"",""level"":54}]"
19,rattata,normal,"{""HP"":30,""ATTACK"":56,""DEFENCE"":35,""SPECIAL"":25,""SPEED"":72}","[{""POKEMON"":""raticate"",""LEVEL"":20},{""POKEMON"":""raticate"",""LEVEL"":20}]",,"bide, blizzard, body-slam, bubble-beam, dig, double-edge, double-team, mimic, rage, rest, skull-bash, substitute, swift, take-down, thunder, thunderbolt, toxic, water-gun","[{""move"":""tackle"",""level"":1},{""move"":""tail-whip"",""level"":1},{""move"":""quick-attack"",""level"":7},{""move"":""hyper-fang"",""level"":14},{""move"":""focus-energy"",""level"":23},{""move"":""super-fang"",""level"":34}]"
20,raticate,normal,"{""HP"":55,""ATTACK"":81,""DEFENCE"":60,""SPECIAL"":50,""SPEED"":97}",{},,"bide, blizzard, body-slam, bubble-beam, dig, double-edge, double-team, hyper-beam, ice-beam, mimic, rage, rest, skull-bash, substitute, swift, take-down, thunder, thunderbolt, toxic, water-gun","[{""move"":""tackle"",""level"":1},{""move"":""tail-whip"",""level"":1},{""move"":""quick-attack"",""level"":1},{""move"":""quick-attack"",""level"":7},{""move"":""hyper-fang"",""level"":14},{""move"":""focus-energy"",""level"":27},{""move"":""super-fang"",""level"":41}]"
21,spearow,"normal, flying","{""HP"":40,""ATTACK"":60,""DEFENCE"":30,""SPECIAL"":31,""SPEED"":70}","{""POKEMON"":""fearow"",""LEVEL"":20}",fly,"bide, double-edge, double-team, mimic, rage, razor-wind, rest, sky-attack, substitute, swift, take-down, toxic, whirlwind","[{""move"":""growl"",""level"":1},{""move"":""peck"",""level"":1},{""move"":""leer"",""level"":9},{""move"":""fury-attack"",""level"":15},{""move"":""mirror-move"",""level"":22},{""move"":""drill-peck"",""level"":29},{""move"":""agility"",""level"":36}]"
22,fearow,"normal, flying","{""HP"":65,""ATTACK"":90,""DEFENCE"":65,""SPECIAL"":61,""SPEED"":100}",{},fly,"bide, double-edge, double-team, hyper-beam, mimic, rage, razor-wind, rest, sky-attack, substitute, swift, take-down, toxic, whirlwind","[{""move"":""leer"",""level"":1},{""move"":""growl"",""level"":1},{""move"":""peck"",""level"":1},{""move"":""leer"",""level"":9},{""move"":""fury-attack"",""level"":15},{""move"":""mirror-move"",""level"":25},{""move"":""drill-peck"",""level"":34},{""move"":""agility"",""level"":43}]"
23,ekans,poison,"{""HP"":35,""ATTACK"":60,""DEFENCE"":44,""SPECIAL"":40,""SPEED"":55}","{""POKEMON"":""arbok"",""LEVEL"":22}",strength,"bide, body-slam, dig, double-edge, double-team, earthquake, fissure, mega-drain, mimic, rage, rest, rock-slide, skull-bash, substitute, take-down, toxic","[{""move"":""wrap"",""level"":1},{""move"":""leer"",""level"":1},{""move"":""poison-sting"",""level"":10},{""move"":""bite"",""level"":17},{""move"":""glare"",""level"":24},{""move"":""screech"",""level"":31},{""move"":""acid"",""level"":38}]"
24,arbok,poison,"{""HP"":60,""ATTACK"":95,""DEFENCE"":69,""SPECIAL"":65,""SPEED"":80}",{},strength,"bide, body-slam, dig, double-edge, double-team, earthquake, fissure, hyper-beam, mega-drain, mimic, rage, rest, rock-slide, skull-bash, substitute, take-down, toxic","[{""move"":""wrap"",""level"":1},{""move"":""poison-sting"",""level"":1},{""move"":""leer"",""level"":1},{""move"":""poison-sting"",""level"":10},{""move"":""bite"",""level"":17},{""move"":""glare"",""level"":27},{""move"":""screech"",""level"":36},{""move"":""acid"",""level"":47}]"
25,pikachu,electric,"{""HP"":35,""ATTACK"":55,""DEFENCE"":40,""SPECIAL"":50,""SPEED"":90}","{""POKEMON"":""raichu"",""LEVEL"":null}",flash,"bide, body-slam, double-edge, double-team, mega-kick, mega-punch, mimic, pay-day, rage, reflect, rest, seismic-toss, skull-bash, submission, substitute, swift, take-down, thunder, thunder-wave, thunderbolt, toxic","[{""move"":""growl"",""level"":1},{""move"":""thunder-shock"",""level"":1},{""move"":""thunder-wave"",""level"":9},{""move"":""quick-attack"",""level"":16},{""move"":""swift"",""level"":26},{""move"":""agility"",""level"":33},{""move"":""thunder"",""level"":43}]"
26,raichu,electric,"{""HP"":60,""ATTACK"":90,""DEFENCE"":55,""SPECIAL"":90,""SPEED"":110}",{},flash,"bide, body-slam, double-edge, double-team, hyper-beam, mega-kick, mega-punch, mimic, pay-day, rage, reflect, rest, seismic-toss, skull-bash, submission, substitute, swift, take-down, thunder, thunder-wave, thunderbolt, toxic","[{""move"":""growl"",""level"":1},{""move"":""thunder-shock"",""level"":1},{""move"":""thunder-wave"",""level"":1}]"
27,sandshrew,ground,"{""HP"":50,""ATTACK"":75,""DEFENCE"":85,""SPECIAL"":20,""SPEED"":40}","[{""POKEMON"":""sandslash"",""LEVEL"":22},{""POKEMON"":""sandslash"",""LEVEL"":null}]","cut, strength","bide, body-slam, dig, double-edge, double-team, earthquake, fissure, mimic, rage, rest, rock-slide, seismic-toss, skull-bash, submission, substitute, swift, swords-dance, take-down, toxic","[{""move"":""scratch"",""level"":1},{""move"":""sand-attack"",""level"":10},{""move"":""slash"",""level"":17},{""move"":""poison-sting"",""level"":24},{""move"":""swift"",""level"":31},{""move"":""fury-swipes"",""level"":38}]"
28,sandslash,ground,"{""HP"":75,""ATTACK"":100,""DEFENCE"":110,""SPECIAL"":45,""SPEED"":65}",{},"cut, strength","bide, body-slam, dig, double-edge, double-team, earthquake, fissure, hyper-beam, mimic, rage, rest, rock-slide, seismic-toss, skull-bash, submission, substitute, swift, swords-dance, take-down, toxic","[{""move"":""scratch"",""level"":1},{""move"":""sand-attack"",""level"":1},{""move"":""sand-attack"",""level"":10},{""move"":""slash"",""level"":17},{""move"":""poison-sting"",""level"":27},{""move"":""swift"",""level"":36},{""move"":""fury-swipes"",""level"":47}]"
29,nidoran-f,poison,"{""HP"":55,""ATTACK"":47,""DEFENCE"":52,""SPECIAL"":40,""SPEED"":41}","{""POKEMON"":""nidorina"",""LEVEL"":16}",,"bide, blizzard, body-slam, double-edge, double-team, mimic, rage, reflect, rest, skull-bash, substitute, take-down, thunder, thunderbolt, toxic","[{""move"":""tackle"",""level"":1},{""move"":""growl"",""level"":1},{""move"":""scratch"",""level"":8},{""move"":""poison-sting"",""level"":14},{""move"":""tail-whip"",""level"":21},{""move"":""bite"",""level"":29},{""move"":""fury-swipes"",""level"":36},{""move"":""double-kick"",""level"":43}]"
30,nidorina,poison,"{""HP"":70,""ATTACK"":62,""DEFENCE"":67,""SPECIAL"":55,""SPEED"":56}","{""POKEMON"":""nidoqueen"",""LEVEL"":null}",,"bide, blizzard, body-slam, bubble-beam, double-edge, double-team, horn-drill, ice-beam, mimic, rage, reflect, rest, skull-bash, substitute, take-down, thunder, thunderbolt, toxic, water-gun","[{""move"":""scratch"",""level"":1},{""move"":""tackle"",""level"":1},{""move"":""growl"",""level"":1},{""move"":""scratch"",""level"":8},{""move"":""poison-sting"",""level"":14},{""move"":""tail-whip"",""level"":23},{""move"":""bite"",""level"":32},{""move"":""fury-swipes"",""level"":41},{""move"":""double-kick"",""level"":50}]"
31,nidoqueen,"poison, ground","{""HP"":90,""ATTACK"":92,""DEFENCE"":87,""SPECIAL"":75,""SPEED"":76}",{},"strength, surf","bide, blizzard, body-slam, bubble-beam, counter, double-edge, double-team, earthquake, fire-blast, fissure, horn-drill, hyper-beam, ice-beam, mega-kick, mega-punch, mimic, pay-day, rage, reflect, rest, rock-slide, seismic-toss, skull-bash, submission, substitute, take-down, thunder, thunderbolt, toxic, water-gun","[{""move"":""scratch"",""level"":1},{""move"":""tackle"",""level"":1},{""move"":""body-slam"",""level"":1},{""move"":""tail-whip"",""level"":1},{""move"":""scratch"",""level"":8},{""move"":""poison-sting"",""level"":14},{""move"":""body-slam"",""level"":23}]"
32,nidoran-m,poison,"{""HP"":46,""ATTACK"":57,""DEFENCE"":40,""SPECIAL"":40,""SPEED"":50}","{""POKEMON"":""nidorino"",""LEVEL"":16}",,"bide, blizzard, body-slam, double-edge, double-team, horn-drill, mimic, rage, reflect, rest, skull-bash, substitute, take-down, thunder, thunderbolt, toxic","[{""move"":""tackle"",""level"":1},{""move"":""leer"",""level"":1},{""move"":""horn-attack"",""level"":8},{""move"":""poison-sting"",""level"":14},{""move"":""focus-energy"",""level"":21},{""move"":""fury-attack"",""level"":29},{""move"":""horn-drill"",""level"":36},{""move"":""double-kick"",""level"":43}]"
33,nidorino,poison,"{""HP"":61,""ATTACK"":72,""DEFENCE"":57,""SPECIAL"":55,""SPEED"":65}","{""POKEMON"":""nidoking"",""LEVEL"":null}",,"bide, blizzard, body-slam, bubble-beam, double-edge, double-team, horn-drill, ice-beam, mimic, rage, reflect, rest, skull-bash, substitute, take-down, thunder, thunderbolt, toxic, water-gun","[{""move"":""horn-attack"",""level"":1},{""move"":""tackle"",""level"":1},{""move"":""leer"",""level"":1},{""move"":""horn-attack"",""level"":8},{""move"":""poison-sting"",""level"":14},{""move"":""focus-energy"",""level"":23},{""move"":""fury-attack"",""level"":32},{""move"":""horn-drill"",""level"":41},{""move"":""double-kick"",""level"":50}]"
34,nidoking,"poison, ground","{""HP"":81,""ATTACK"":102,""DEFENCE"":77,""SPECIAL"":85,""SPEED"":85}",{},"strength, surf","bide, blizzard, body-slam, bubble-beam, counter, double-edge, double-team, earthquake, fire-blast, fissure, horn-drill, hyper-beam, ice-beam, mega-kick, mega-punch, mimic, pay-day, rage, reflect, rest, rock-slide, seismic-toss, skull-bash, submission, substitute, take-down, thunder, thunderbolt, toxic, water-gun","[{""move"":""horn-attack"",""level"":1},{""move"":""tackle"",""level"":1},{""move"":""thrash"",""level"":1},{""move"":""poison-sting"",""level"":1},{""move"":""horn-attack"",""level"":8},{""move"":""poison-sting"",""level"":14},{""move"":""thrash"",""level"":23}]"
35,clefairy,,"{""HP"":70,""ATTACK"":45,""DEFENCE"":48,""SPECIAL"":60,""SPEED"":35}","{""POKEMON"":""clefable"",""LEVEL"":null}","flash, strength","bide, blizzard, body-slam, bubble-beam, counter, double-edge, double-team, fire-blast, ice-beam, mega-kick, mega-punch, metronome, mimic, psychic, psywave, rage, reflect, rest, seismic-toss, skull-bash, solar-beam, submission, substitute, take-down, teleport, thunder, thunder-wave, thunderbolt, toxic, tri-attack, water-gun","[{""move"":""pound"",""level"":1},{""move"":""growl"",""level"":1},{""move"":""sing"",""level"":13},{""move"":""double-slap"",""level"":18},{""move"":""minimize"",""level"":24},{""move"":""metronome"",""level"":31},{""move"":""defense-curl"",""level"":39},{""move"":""light-screen"",""level"":48}]"
36,clefable,,"{""HP"":95,""ATTACK"":70,""DEFENCE"":73,""SPECIAL"":95,""SPEED"":60}",{},"flash, strength","bide, blizzard, body-slam, bubble-beam, counter, double-edge, double-team, fire-blast, hyper-beam, ice-beam, mega-kick, mega-punch, metronome, mimic, psychic, psywave, rage, reflect, rest, seismic-toss, skull-bash, solar-beam, submission, substitute, take-down, teleport, thunder, thunder-wave, thunderbolt, toxic, tri-attack, water-gun","[{""move"":""double-slap"",""level"":1},{""move"":""sing"",""level"":1},{""move"":""minimize"",""level"":1},{""move"":""metronome"",""level"":1}]"
37,vulpix,fire,"{""HP"":38,""ATTACK"":41,""DEFENCE"":40,""SPECIAL"":50,""SPEED"":65}","[{""POKEMON"":""ninetales"",""LEVEL"":null},{""POKEMON"":""ninetales"",""LEVEL"":null}]",,"bide, body-slam, dig, double-edge, double-team, fire-blast, mimic, rage, reflect, rest, skull-bash, substitute, swift, take-down, toxic","[{""move"":""tail-whip"",""level"":1},{""move"":""ember"",""level"":1},{""move"":""quick-attack"",""level"":16},{""move"":""roar"",""level"":21},{""move"":""confuse-ray"",""level"":28},{""move"":""flamethrower"",""level"":35},{""move"":""fire-spin"",""level"":42}]"
38,ninetales,fire,"{""HP"":73,""ATTACK"":76,""DEFENCE"":75,""SPECIAL"":81,""SPEED"":100}",{},,"bide, body-slam, dig, double-edge, double-team, fire-blast, hyper-beam, mimic, rage, reflect, rest, skull-bash, substitute, swift, take-down, toxic","[{""move"":""tail-whip"",""level"":1},{""move"":""roar"",""level"":1},{""move"":""ember"",""level"":1},{""move"":""quick-attack"",""level"":1}]"
39,jigglypuff,normal,"{""HP"":115,""ATTACK"":45,""DEFENCE"":20,""SPECIAL"":45,""SPEED"":20}","{""POKEMON"":""wigglytuff"",""LEVEL"":null}","flash, strength","bide, blizzard, body-slam, bubble-beam, counter, double-edge, double-team, fire-blast, ice-beam, mega-kick, mega-punch, mimic, psychic, psywave, rage, reflect, rest, seismic-toss, skull-bash, solar-beam, submission, substitute, take-down, teleport, thunder, thunder-wave, thunderbolt, toxic, tri-attack, water-gun","[{""move"":""sing"",""level"":1},{""move"":""pound"",""level"":9},{""move"":""disable"",""level"":14},{""move"":""defense-curl"",""level"":19},{""move"":""double-slap"",""level"":24},{""move"":""rest"",""level"":29},{""move"":""body-slam"",""level"":34},{""move"":""double-edge"",""level"":39}]"
40,wigglytuff,normal,"{""HP"":140,""ATTACK"":70,""DEFENCE"":45,""SPECIAL"":85,""SPEED"":45}",{},"flash, strength","bide, blizzard, body-slam, bubble-beam, counter, double-edge, double-team, fire-blast, hyper-beam, ice-beam, mega-kick, mega-punch, mimic, psychic, psywave, rage, reflect, rest, seismic-toss, skull-bash, solar-beam, submission, substitute, take-down, teleport, thunder, thunder-wave, thunderbolt, toxic, tri-attack, water-gun","[{""move"":""double-slap"",""level"":1},{""move"":""sing"",""level"":1},{""move"":""disable"",""level"":1},{""move"":""defense-curl"",""level"":1}]"
41,zubat,"poison, flying","{""HP"":40,""ATTACK"":45,""DEFENCE"":35,""SPECIAL"":30,""SPEED"":55}","{""POKEMON"":""golbat"",""LEVEL"":22}",,"bide, double-edge, double-team, mega-drain, mimic, rage, razor-wind, rest, substitute, swift, take-down, toxic, whirlwind","[{""move"":""leech-life"",""level"":1},{""move"":""supersonic"",""level"":10},{""move"":""bite"",""level"":15},{""move"":""confuse-ray"",""level"":21},{""move"":""wing-attack"",""level"":28},{""move"":""haze"",""level"":36}]"
42,golbat,"poison, flying","{""HP"":75,""ATTACK"":80,""DEFENCE"":70,""SPECIAL"":65,""SPEED"":90}",{},,"bide, double-edge, double-team, hyper-beam, mega-drain, mimic, rage, razor-wind, rest, substitute, swift, take-down, toxic, whirlwind","[{""move"":""bite"",""level"":1},{""move"":""screech"",""level"":1},{""move"":""leech-life"",""level"":1},{""move"":""supersonic"",""level"":10},{""move"":""bite"",""level"":15},{""move"":""confuse-ray"",""level"":21},{""move"":""wing-attack"",""level"":32},{""move"":""haze"",""level"":43}]"
43,oddish,"grass, poison","{""HP"":45,""ATTACK"":50,""DEFENCE"":55,""SPECIAL"":75,""SPEED"":30}","{""POKEMON"":""gloom"",""LEVEL"":21}",cut,"bide, double-edge, double-team, mega-drain, mimic, rage, reflect, rest, solar-beam, substitute, swords-dance, take-down, toxic","[{""move"":""absorb"",""level"":1},{""move"":""poison-powder"",""level"":15},{""move"":""stun-spore"",""level"":17},{""move"":""sleep-powder"",""level"":19},{""move"":""acid"",""level"":24},{""move"":""petal-dance"",""level"":33},{""move"":""solar-beam"",""level"":46}]"
44,gloom,"grass, poison","{""HP"":60,""ATTACK"":65,""DEFENCE"":70,""SPECIAL"":85,""SPEED"":40}","{""POKEMON"":""vileplume"",""LEVEL"":null}",cut,"bide, double-edge, double-team, mega-drain, mimic, rage, reflect, rest, solar-beam, substitute, swords-dance, take-down, toxic","[{""move"":""absorb"",""level"":1},{""move"":""poison-powder"",""level"":1},{""move"":""stun-spore"",""level"":1},{""move"":""poison-powder"",""level"":15},{""move"":""stun-spore"",""level"":17},{""move"":""sleep-powder"",""level"":19},{""move"":""acid"",""level"":28},{""move"":""petal-dance"",""level"":38},{""move"":""solar-beam"",""level"":52}]"
45,vileplume,"grass, poison","{""HP"":75,""ATTACK"":80,""DEFENCE"":85,""SPECIAL"":110,""SPEED"":50}",{},cut,"bide, body-slam, double-edge, double-team, hyper-beam, mega-drain, mimic, rage, reflect, rest, solar-beam, substitute, swords-dance, take-down, toxic","[{""move"":""acid"",""level"":1},{""move"":""stun-spore"",""level"":1},{""move"":""sleep-powder"",""level"":1},{""move"":""petal-dance"",""level"":1},{""move"":""poison-powder"",""level"":15},{""move"":""stun-spore"",""level"":17},{""move"":""sleep-powder"",""level"":19}]"
46,paras,"bug, grass","{""HP"":35,""ATTACK"":70,""DEFENCE"":55,""SPECIAL"":45,""SPEED"":25}","{""POKEMON"":""parasect"",""LEVEL"":24}",cut,"bide, body-slam, dig, double-edge, double-team, mega-drain, mimic, rage, reflect, rest, skull-bash, solar-beam, substitute, swords-dance, take-down, toxic","[{""move"":""scratch"",""level"":1},{""move"":""stun-spore"",""level"":13},{""move"":""leech-life"",""level"":20},{""move"":""spore"",""level"":27},{""move"":""slash"",""level"":34},{""move"":""growth"",""level"":41}]"
47,parasect,"bug, grass","{""HP"":60,""ATTACK"":95,""DEFENCE"":80,""SPECIAL"":60,""SPEED"":30}",{},cut,"bide, body-slam, dig, double-edge, double-team, hyper-beam, mega-drain, mimic, rage, reflect, rest, skull-bash, solar-beam, substitute, swords-dance, take-down, toxic","[{""move"":""scratch"",""level"":1},{""move"":""stun-spore"",""level"":1},{""move"":""leech-life"",""level"":1},{""move"":""stun-spore"",""level"":13},{""move"":""leech-life"",""level"":20},{""move"":""spore"",""level"":30},{""move"":""slash"",""level"":39},{""move"":""growth"",""level"":48}]"
48,venonat,"bug, poison","{""HP"":60,""ATTACK"":55,""DEFENCE"":50,""SPECIAL"":40,""SPEED"":45}","{""POKEMON"":""venomoth"",""LEVEL"":31}",flash,"bide, double-edge, double-team, mega-drain, mimic, psychic, psywave, rage, reflect, rest, solar-beam, substitute, take-down, toxic","[{""move"":""tackle"",""level"":1},{""move"":""disable"",""level"":1},{""move"":""poison-powder"",""level"":24},{""move"":""leech-life"",""level"":27},{""move"":""stun-spore"",""level"":30},{""move"":""psybeam"",""level"":35},{""move"":""sleep-powder"",""level"":38},{""move"":""psychic"",""level"":43}]"
49,venomoth,"bug, poison","{""HP"":70,""ATTACK"":65,""DEFENCE"":60,""SPECIAL"":90,""SPEED"":90}",{},flash,"bide, double-edge, double-team, hyper-beam, mega-drain, mimic, psychic, psywave, rage, razor-wind, reflect, rest, solar-beam, substitute, swift, take-down, teleport, toxic, whirlwind","[{""move"":""tackle"",""level"":1},{""move"":""disable"",""level"":1},{""move"":""poison-powder"",""level"":1},{""move"":""leech-life"",""level"":1},{""move"":""poison-powder"",""level"":24},{""move"":""leech-life"",""level"":27},{""move"":""stun-spore"",""level"":30},{""move"":""psybeam"",""level"":38},{""move"":""sleep-powder"",""level"":43},{""move"":""psychic"",""level"":50}]"
50,diglett,ground,"{""HP"":10,""ATTACK"":55,""DEFENCE"":25,""SPECIAL"":35,""SPEED"":95}","{""POKEMON"":""dugtrio"",""LEVEL"":26}",cut,"bide, body-slam, dig, double-edge, double-team, earthquake, fissure, mimic, rage, rest, rock-slide, substitute, take-down, toxic","[{""move"":""scratch"",""level"":1},{""move"":""growl"",""level"":15},{""move"":""dig"",""level"":19},{""move"":""sand-attack"",""level"":24},{""move"":""slash"",""level"":31},{""move"":""earthquake"",""level"":40}]"
51,dugtrio,ground,"{""HP"":35,""ATTACK"":100,""DEFENCE"":50,""SPECIAL"":50,""SPEED"":120}",{},cut,"bide, body-slam, dig, double-edge, double-team, earthquake, fissure, hyper-beam, mimic, rage, rest, rock-slide, substitute, take-down, toxic","[{""move"":""scratch"",""level"":1},{""move"":""growl"",""level"":1},{""move"":""dig"",""level"":1},{""move"":""growl"",""level"":15},{""move"":""dig"",""level"":19},{""move"":""sand-attack"",""level"":24},{""move"":""slash"",""level"":35},{""move"":""earthquake"",""level"":47}]"
52,meowth,normal,"{""HP"":40,""ATTACK"":45,""DEFENCE"":35,""SPECIAL"":40,""SPEED"":90}","[{""POKEMON"":""persian"",""LEVEL"":28},{""POKEMON"":""persian"",""LEVEL"":null}]",,"bide, body-slam, bubble-beam, double-edge, double-team, mimic, pay-day, rage, rest, skull-bash, substitute, swift, take-down, thunder, thunderbolt, toxic, water-gun","[{""move"":""scratch"",""level"":1},{""move"":""growl"",""level"":1},{""move"":""bite"",""level"":12},{""move"":""pay-day"",""level"":17},{""move"":""screech"",""level"":24},{""move"":""fury-swipes"",""level"":33},{""move"":""slash"",""level"":44}]"
53,persian,normal,"{""HP"":65,""ATTACK"":70,""DEFENCE"":60,""SPECIAL"":65,""SPEED"":115}",{},,"bide, body-slam, bubble-beam, double-edge, double-team, hyper-beam, mimic, pay-day, rage, rest, skull-bash, substitute, swift, take-down, thunder, thunderbolt, toxic, water-gun","[{""move"":""scratch"",""level"":1},{""move"":""bite"",""level"":1},{""move"":""growl"",""level"":1},{""move"":""screech"",""level"":1},{""move"":""bite"",""level"":12},{""move"":""pay-day"",""level"":17},{""move"":""screech"",""level"":24},{""move"":""fury-swipes"",""level"":37},{""move"":""slash"",""level"":51}]"
54,psyduck,water,"{""HP"":50,""ATTACK"":52,""DEFENCE"":48,""SPECIAL"":65,""SPEED"":55}","{""POKEMON"":""golduck"",""LEVEL"":33}","strength, surf","bide, blizzard, body-slam, bubble-beam, counter, dig, double-edge, double-team, ice-beam, mega-kick, mega-punch, mimic, pay-day, rage, rest, seismic-toss, skull-bash, submission, substitute, swift, take-down, toxic, water-gun","[{""move"":""scratch"",""level"":1},{""move"":""tail-whip"",""level"":28},{""move"":""disable"",""level"":31},{""move"":""confusion"",""level"":36},{""move"":""fury-swipes"",""level"":43},{""move"":""hydro-pump"",""level"":52}]"
55,golduck,water,"{""HP"":80,""ATTACK"":82,""DEFENCE"":78,""SPECIAL"":95,""SPEED"":85}",{},"strength, surf","bide, blizzard, body-slam, bubble-beam, counter, dig, double-edge, double-team, hyper-beam, ice-beam, mega-kick, mega-punch, mimic, pay-day, rage, rest, seismic-toss, skull-bash, submission, substitute, swift, take-down, toxic, water-gun","[{""move"":""scratch"",""level"":1},{""move"":""tail-whip"",""level"":1},{""move"":""disable"",""level"":1},{""move"":""tail-whip"",""level"":28},{""move"":""disable"",""level"":31},{""move"":""confusion"",""level"":39},{""move"":""fury-swipes"",""level"":48},{""move"":""hydro-pump"",""level"":59}]"
56,mankey,fighting,"{""HP"":40,""ATTACK"":80,""DEFENCE"":35,""SPECIAL"":35,""SPEED"":70}","{""POKEMON"":""primeape"",""LEVEL"":28}",strength,"bide, body-slam, counter, dig, double-edge, double-team, mega-kick, mega-punch, metronome, mimic, pay-day, rage, rest, rock-slide, seismic-toss, skull-bash, submission, substitute, swift, take-down, thunder, thunderbolt, toxic","[{""move"":""scratch"",""level"":1},{""move"":""leer"",""level"":1},{""move"":""karate-chop"",""level"":15},{""move"":""fury-swipes"",""level"":21},{""move"":""focus-energy"",""level"":27},{""move"":""seismic-toss"",""level"":33},{""move"":""thrash"",""level"":39}]"
57,primeape,fighting,"{""HP"":65,""ATTACK"":105,""DEFENCE"":60,""SPECIAL"":60,""SPEED"":95}",{},strength,"bide, body-slam, counter, dig, double-edge, double-team, hyper-beam, mega-kick, mega-punch, metronome, mimic, pay-day, rage, rest, rock-slide, seismic-toss, skull-bash, submission, substitute, swift, take-down, thunder, thunderbolt, toxic","[{""move"":""karate-chop"",""level"":1},{""move"":""scratch"",""level"":1},{""move"":""leer"",""level"":1},{""move"":""fury-swipes"",""level"":1},{""move"":""karate-chop"",""level"":15},{""move"":""fury-swipes"",""level"":21},{""move"":""focus-energy"",""level"":27},{""move"":""seismic-toss"",""level"":37},{""move"":""thrash"",""level"":46}]"
58,growlithe,fire,"{""HP"":55,""ATTACK"":70,""DEFENCE"":45,""SPECIAL"":70,""SPEED"":60}","{""POKEMON"":""arcanine"",""LEVEL"":null}",,"bide, body-slam, dig, double-edge, double-team, dragon-rage, fire-blast, mimic, rage, reflect, rest, skull-bash, substitute, swift, take-down, toxic","[{""move"":""bite"",""level"":1},{""move"":""roar"",""level"":1},{""move"":""ember"",""level"":18},{""move"":""leer"",""level"":23},{""move"":""take-down"",""level"":30},{""move"":""agility"",""level"":39},{""move"":""flamethrower"",""level"":50}]"
59,arcanine,fire,"{""HP"":90,""ATTACK"":110,""DEFENCE"":80,""SPECIAL"":100,""SPEED"":95}",{},,"bide, body-slam, dig, double-edge, double-team, dragon-rage, fire-blast, hyper-beam, mimic, rage, reflect, rest, skull-bash, substitute, swift, take-down, teleport, toxic","[{""move"":""take-down"",""level"":1},{""move"":""leer"",""level"":1},{""move"":""roar"",""level"":1},{""move"":""ember"",""level"":1}]"
60,poliwag,water,"{""HP"":40,""ATTACK"":50,""DEFENCE"":40,""SPECIAL"":40,""SPEED"":90}","{""POKEMON"":""poliwhirl"",""LEVEL"":25}",surf,"bide, blizzard, body-slam, bubble-beam, double-edge, double-team, ice-beam, mimic, psychic, psywave, rage, rest, skull-bash, substitute, take-down, toxic, water-gun","[{""move"":""bubble"",""level"":1},{""move"":""hypnosis"",""level"":16},{""move"":""water-gun"",""level"":19},{""move"":""double-slap"",""level"":25},{""move"":""body-slam"",""level"":31},{""move"":""amnesia"",""level"":38},{""move"":""hydro-pump"",""level"":45}]"
61,poliwhirl,water,"{""HP"":65,""ATTACK"":65,""DEFENCE"":65,""SPECIAL"":50,""SPEED"":90}","{""POKEMON"":""poliwrath"",""LEVEL"":null}","strength, surf","bide, blizzard, body-slam, bubble-beam, counter, double-edge, double-team, earthquake, fissure, ice-beam, mega-kick, mega-punch, metronome, mimic, psychic, psywave, rage, rest, seismic-toss, skull-bash, submission, substitute, take-down, toxic, water-gun","[{""move"":""water-gun"",""level"":1},{""move"":""hypnosis"",""level"":1},{""move"":""bubble"",""level"":1},{""move"":""hypnosis"",""level"":16},{""move"":""water-gun"",""level"":19},{""move"":""double-slap"",""level"":26},{""move"":""body-slam"",""level"":33},{""move"":""amnesia"",""level"":41},{""move"":""hydro-pump"",""level"":49}]"
62,poliwrath,"water, fighting","{""HP"":90,""ATTACK"":95,""DEFENCE"":95,""SPECIAL"":70,""SPEED"":70}",{},"strength, surf","bide, blizzard, body-slam, bubble-beam, counter, double-edge, double-team, earthquake, fissure, hyper-beam, ice-beam, mega-kick, mega-punch, metronome, mimic, psychic, psywave, rage, rest, seismic-toss, skull-bash, submission, substitute, take-down, toxic, water-gun","[{""move"":""double-slap"",""level"":1},{""move"":""body-slam"",""level"":1},{""move"":""water-gun"",""level"":1},{""move"":""hypnosis"",""level"":1},{""move"":""hypnosis"",""level"":16},{""move"":""water-gun"",""level"":19}]"
63,abra,psychic,"{""HP"":25,""ATTACK"":20,""DEFENCE"":15,""SPECIAL"":105,""SPEED"":90}","{""POKEMON"":""kadabra"",""LEVEL"":16}",flash,"bide, body-slam, counter, double-edge, double-team, mega-kick, mega-punch, metronome, mimic, psychic, psywave, rage, reflect, rest, seismic-toss, skull-bash, submission, substitute, take-down, teleport, thunder-wave, toxic, tri-attack","[{""move"":""teleport"",""level"":1}]"
64,kadabra,psychic,"{""HP"":40,""ATTACK"":35,""DEFENCE"":30,""SPECIAL"":120,""SPEED"":105}","{""POKEMON"":""alakazam"",""LEVEL"":null}",flash,"bide, body-slam, counter, dig, double-edge, double-team, mega-kick, mega-punch, metronome, mimic, psychic, psywave, rage, reflect, rest, seismic-toss, skull-bash, submission, substitute, take-down, teleport, thunder-wave, toxic, tri-attack","[{""move"":""disable"",""level"":1},{""move"":""confusion"",""level"":1},{""move"":""teleport"",""level"":1},{""move"":""confusion"",""level"":16},{""move"":""disable"",""level"":20},{""move"":""psybeam"",""level"":27},{""move"":""recover"",""level"":31},{""move"":""psychic"",""level"":38},{""move"":""reflect"",""level"":42}]"
65,alakazam,psychic,"{""HP"":55,""ATTACK"":50,""DEFENCE"":45,""SPECIAL"":135,""SPEED"":120}",{},flash,"bide, body-slam, counter, dig, double-edge, double-team, hyper-beam, mega-kick, mega-punch, metronome, mimic, psychic, psywave, rage, reflect, rest, seismic-toss, skull-bash, submission, substitute, take-down, teleport, thunder-wave, toxic, tri-attack","[{""move"":""disable"",""level"":1},{""move"":""confusion"",""level"":1},{""move"":""teleport"",""level"":1},{""move"":""confusion"",""level"":16},{""move"":""disable"",""level"":20},{""move"":""psybeam"",""level"":27},{""move"":""recover"",""level"":31},{""move"":""psychic"",""level"":38},{""move"":""reflect"",""level"":42}]"
66,machop,fighting,"{""HP"":70,""ATTACK"":80,""DEFENCE"":50,""SPECIAL"":35,""SPEED"":35}","{""POKEMON"":""machoke"",""LEVEL"":28}",strength,"bide, body-slam, counter, dig, double-edge, double-team, earthquake, fire-blast, fissure, mega-kick, mega-punch, metronome, mimic, rage, rest, rock-slide, seismic-toss, skull-bash, submission, substitute, take-down, toxic","[{""move"":""karate-chop"",""level"":1},{""move"":""low-kick"",""level"":20},{""move"":""leer"",""level"":25},{""move"":""focus-energy"",""level"":32},{""move"":""seismic-toss"",""level"":39},{""move"":""submission"",""level"":46}]"
67,machoke,fighting,"{""HP"":80,""ATTACK"":100,""DEFENCE"":70,""SPECIAL"":50,""SPEED"":45}","{""POKEMON"":""machamp"",""LEVEL"":null}",strength,"bide, body-slam, counter, dig, double-edge, double-team, earthquake, fire-blast, fissure, mega-kick, mega-punch, metronome, mimic, rage, rest, rock-slide, seismic-toss, skull-bash, submission, substitute, take-down, toxic","[{""move"":""karate-chop"",""level"":1},{""move"":""leer"",""level"":1},{""move"":""low-kick"",""level"":1},{""move"":""low-kick"",""level"":20},{""move"":""leer"",""level"":25},{""move"":""focus-energy"",""level"":36},{""move"":""seismic-toss"",""level"":44},{""move"":""submission"",""level"":52}]"
68,machamp,fighting,"{""HP"":90,""ATTACK"":130,""DEFENCE"":80,""SPECIAL"":65,""SPEED"":55}",{},strength,"bide, body-slam, counter, dig, double-edge, double-team, earthquake, fire-blast, fissure, hyper-beam, mega-kick, mega-punch, metronome, mimic, rage, rest, rock-slide, seismic-toss, skull-bash, submission, substitute, take-down, toxic","[{""move"":""karate-chop"",""level"":1},{""move"":""leer"",""level"":1},{""move"":""low-kick"",""level"":1},{""move"":""low-kick"",""level"":20},{""move"":""leer"",""level"":25},{""move"":""focus-energy"",""level"":36},{""move"":""seismic-toss"",""level"":44},{""move"":""submission"",""level"":52}]"
69,bellsprout,"grass, poison","{""HP"":50,""ATTACK"":75,""DEFENCE"":35,""SPECIAL"":70,""SPEED"":40}","{""POKEMON"":""weepinbell"",""LEVEL"":21}",cut,"bide, double-edge, double-team, mega-drain, mimic, rage, reflect, rest, solar-beam, substitute, swords-dance, take-down, toxic","[{""move"":""vine-whip"",""level"":1},{""move"":""growth"",""level"":1},{""move"":""wrap"",""level"":13},{""move"":""poison-powder"",""level"":15},{""move"":""sleep-powder"",""level"":18},{""move"":""stun-spore"",""level"":21},{""move"":""acid"",""level"":26},{""move"":""razor-leaf"",""level"":33},{""move"":""slam"",""level"":42}]"
70,weepinbell,"grass, poison","{""HP"":65,""ATTACK"":90,""DEFENCE"":50,""SPECIAL"":85,""SPEED"":55}","{""POKEMON"":""victreebel"",""LEVEL"":null}",cut,"bide, double-edge, double-team, mega-drain, mimic, rage, reflect, rest, solar-beam, substitute, swords-dance, take-down, toxic","[{""move"":""vine-whip"",""level"":1},{""move"":""wrap"",""level"":1},{""move"":""growth"",""level"":1},{""move"":""wrap"",""level"":13},{""move"":""poison-powder"",""level"":15},{""move"":""sleep-powder"",""level"":18},{""move"":""stun-spore"",""level"":23},{""move"":""acid"",""level"":29},{""move"":""razor-leaf"",""level"":38},{""move"":""slam"",""level"":49}]"
71,victreebel,"grass, poison","{""HP"":80,""ATTACK"":105,""DEFENCE"":65,""SPECIAL"":100,""SPEED"":70}",{},cut,"bide, body-slam, double-edge, double-team, hyper-beam, mega-drain, mimic, rage, reflect, rest, solar-beam, substitute, swords-dance, take-down, toxic","[{""move"":""acid"",""level"":1},{""move"":""razor-leaf"",""level"":1},{""move"":""stun-spore"",""level"":1},{""move"":""sleep-powder"",""level"":1},{""move"":""wrap"",""level"":13},{""move"":""poison-powder"",""level"":15},{""move"":""sleep-powder"",""level"":18}]"
72,tentacool,"water, poison","{""HP"":40,""ATTACK"":40,""DEFENCE"":35,""SPECIAL"":50,""SPEED"":70}","{""POKEMON"":""tentacruel"",""LEVEL"":30}","cut, surf","bide, blizzard, bubble-beam, double-edge, double-team, ice-beam, mega-drain, mimic, rage, reflect, rest, skull-bash, substitute, swords-dance, take-down, toxic, water-gun","[{""move"":""acid"",""level"":1},{""move"":""supersonic"",""level"":7},{""move"":""wrap"",""level"":13},{""move"":""poison-sting"",""level"":18},{""move"":""water-gun"",""level"":22},{""move"":""constrict"",""level"":27},{""move"":""barrier"",""level"":33},{""move"":""screech"",""level"":40},{""move"":""hydro-pump"",""level"":48}]"
73,tentacruel,"water, poison","{""HP"":80,""ATTACK"":70,""DEFENCE"":65,""SPECIAL"":80,""SPEED"":100}",{},"cut, surf","bide, blizzard, bubble-beam, double-edge, double-team, hyper-beam, ice-beam, mega-drain, mimic, rage, reflect, rest, skull-bash, substitute, swords-dance, take-down, toxic, water-gun","[{""move"":""wrap"",""level"":1},{""move"":""supersonic"",""level"":1},{""move"":""acid"",""level"":1},{""move"":""supersonic"",""level"":7},{""move"":""wrap"",""level"":13},{""move"":""poison-sting"",""level"":18},{""move"":""water-gun"",""level"":22},{""move"":""constrict"",""level"":27},{""move"":""barrier"",""level"":35},{""move"":""screech"",""level"":43},{""move"":""hydro-pump"",""level"":50}]"
74,geodude,"rock, ground","{""HP"":40,""ATTACK"":80,""DEFENCE"":100,""SPECIAL"":30,""SPEED"":20}","{""POKEMON"":""graveler"",""LEVEL"":25}",strength,"bide, body-slam, counter, dig, double-edge, double-team, earthquake, explosion, fire-blast, fissure, mega-punch, metronome, mimic, rage, rest, rock-slide, seismic-toss, self-destruct, submission, substitute, take-down, toxic","[{""move"":""tackle"",""level"":1},{""move"":""defense-curl"",""level"":11},{""move"":""rock-throw"",""level"":16},{""move"":""self-destruct"",""level"":21},{""move"":""harden"",""level"":26},{""move"":""earthquake"",""level"":31},{""move"":""explosion"",""level"":36}]"
75,graveler,"rock, ground","{""HP"":55,""ATTACK"":95,""DEFENCE"":115,""SPECIAL"":45,""SPEED"":35}","{""POKEMON"":""golem"",""LEVEL"":null}",strength,"bide, body-slam, counter, dig, double-edge, double-team, earthquake, explosion, fire-blast, fissure, mega-punch, metronome, mimic, rage, rest, rock-slide, seismic-toss, self-destruct, submission, substitute, take-down, toxic","[{""move"":""tackle"",""level"":1},{""move"":""defense-curl"",""level"":1},{""move"":""defense-curl"",""level"":11},{""move"":""rock-throw"",""level"":16},{""move"":""self-destruct"",""level"":21},{""move"":""harden"",""level"":29},{""move"":""earthquake"",""level"":36},{""move"":""explosion"",""level"":43}]"
76,golem,"rock, ground","{""HP"":80,""ATTACK"":120,""DEFENCE"":130,""SPECIAL"":55,""SPEED"":45}",{},strength,"bide, body-slam, counter, dig, double-edge, double-team, earthquake, explosion, fire-blast, fissure, hyper-beam, mega-kick, mega-punch, metronome, mimic, rage, rest, rock-slide, seismic-toss, self-destruct, submission, substitute, take-down, toxic","[{""move"":""tackle"",""level"":1},{""move"":""defense-curl"",""level"":1},{""move"":""defense-curl"",""level"":11},{""move"":""rock-throw"",""level"":16},{""move"":""self-destruct"",""level"":21},{""move"":""harden"",""level"":29},{""move"":""earthquake"",""level"":36},{""move"":""explosion"",""level"":43}]"
77,ponyta,fire,"{""HP"":50,""ATTACK"":85,""DEFENCE"":55,""SPECIAL"":65,""SPEED"":90}","{""POKEMON"":""rapidash"",""LEVEL"":40}",,"bide, body-slam, double-edge, double-team, fire-blast, horn-drill, mimic, rage, reflect, rest, skull-bash, substitute, swift, take-down, toxic","[{""move"":""ember"",""level"":1},{""move"":""tail-whip"",""level"":30},{""move"":""stomp"",""level"":32},{""move"":""growl"",""level"":35},{""move"":""fire-spin"",""level"":39},{""move"":""take-down"",""level"":43},{""move"":""agility"",""level"":48}]"
78,rapidash,fire,"{""HP"":65,""ATTACK"":100,""DEFENCE"":70,""SPECIAL"":80,""SPEED"":105}",{},,"bide, body-slam, double-edge, double-team, fire-blast, horn-drill, hyper-beam, mimic, rage, reflect, rest, skull-bash, substitute, swift, take-down, toxic","[{""move"":""stomp"",""level"":1},{""move"":""tail-whip"",""level"":1},{""move"":""growl"",""level"":1},{""move"":""ember"",""level"":1},{""move"":""tail-whip"",""level"":30},{""move"":""stomp"",""level"":32},{""move"":""growl"",""level"":35},{""move"":""fire-spin"",""level"":39},{""move"":""take-down"",""level"":47},{""move"":""agility"",""level"":55}]"
79,slowpoke,"water, psychic","{""HP"":90,""ATTACK"":65,""DEFENCE"":65,""SPECIAL"":40,""SPEED"":15}","[{""POKEMON"":""slowbro"",""LEVEL"":37},{""POKEMON"":""slowbro"",""LEVEL"":null}]","flash, strength, surf","bide, blizzard, body-slam, bubble-beam, dig, double-edge, double-team, earthquake, fire-blast, fissure, ice-beam, mimic, pay-day, psychic, psywave, rage, reflect, rest, skull-bash, substitute, swift, take-down, teleport, thunder-wave, toxic, tri-attack, water-gun","[{""move"":""confusion"",""level"":1},{""move"":""disable"",""level"":18},{""move"":""headbutt"",""level"":22},{""move"":""growl"",""level"":27},{""move"":""water-gun"",""level"":33},{""move"":""amnesia"",""level"":40},{""move"":""psychic"",""level"":48}]"
80,slowbro,"water, psychic","{""HP"":95,""ATTACK"":75,""DEFENCE"":110,""SPECIAL"":100,""SPEED"":30}",{},"flash, strength, surf","bide, blizzard, body-slam, bubble-beam, counter, dig, double-edge, double-team, earthquake, fire-blast, fissure, hyper-beam, ice-beam, mega-kick, mega-punch, mimic, pay-day, psychic, psywave, rage, reflect, rest, seismic-toss, skull-bash, submission, substitute, swift, take-down, teleport, thunder-wave, toxic, tri-attack, water-gun","[{""move"":""headbutt"",""level"":1},{""move"":""disable"",""level"":1},{""move"":""confusion"",""level"":1},{""move"":""disable"",""level"":18},{""move"":""headbutt"",""level"":22},{""move"":""growl"",""level"":27},{""move"":""water-gun"",""level"":33},{""move"":""withdraw"",""level"":37},{""move"":""amnesia"",""level"":44},{""move"":""psychic"",""level"":55}]"
81,magnemite,electric,"{""HP"":25,""ATTACK"":35,""DEFENCE"":70,""SPECIAL"":95,""SPEED"":45}","{""POKEMON"":""magneton"",""LEVEL"":30}",flash,"bide, double-edge, double-team, mimic, rage, reflect, rest, substitute, swift, take-down, teleport, thunder, thunder-wave, thunderbolt, toxic","[{""move"":""tackle"",""level"":1},{""move"":""sonic-boom"",""level"":21},{""move"":""thunder-shock"",""level"":25},{""move"":""supersonic"",""level"":29},{""move"":""thunder-wave"",""level"":35},{""move"":""swift"",""level"":41},{""move"":""screech"",""level"":47}]"
82,magneton,electric,"{""HP"":50,""ATTACK"":60,""DEFENCE"":95,""SPECIAL"":120,""SPEED"":70}",{},flash,"bide, double-edge, double-team, hyper-beam, mimic, rage, reflect, rest, substitute, swift, take-down, teleport, thunder, thunder-wave, thunderbolt, toxic","[{""move"":""tackle"",""level"":1},{""move"":""sonic-boom"",""level"":1},{""move"":""thunder-shock"",""level"":1},{""move"":""sonic-boom"",""level"":21},{""move"":""thunder-shock"",""level"":25},{""move"":""supersonic"",""level"":29},{""move"":""thunder-wave"",""level"":38},{""move"":""swift"",""level"":46},{""move"":""screech"",""level"":54}]"
83,farfetchd,"normal, flying","{""HP"":52,""ATTACK"":90,""DEFENCE"":55,""SPECIAL"":58,""SPEED"":60}",{},"cut, fly","bide, body-slam, double-edge, double-team, mimic, rage, razor-wind, reflect, rest, skull-bash, substitute, swift, swords-dance, take-down, toxic, whirlwind","[{""move"":""sand-attack"",""level"":1},{""move"":""peck"",""level"":1},{""move"":""leer"",""level"":7},{""move"":""fury-attack"",""level"":15},{""move"":""swords-dance"",""level"":23},{""move"":""agility"",""level"":31},{""move"":""slash"",""level"":39}]"
84,doduo,"normal, flying","{""HP"":35,""ATTACK"":85,""DEFENCE"":45,""SPECIAL"":35,""SPEED"":75}","{""POKEMON"":""dodrio"",""LEVEL"":31}",fly,"bide, body-slam, double-edge, double-team, mimic, rage, reflect, rest, skull-bash, sky-attack, substitute, take-down, toxic, tri-attack, whirlwind","[{""move"":""peck"",""level"":1},{""move"":""growl"",""level"":20},{""move"":""fury-attack"",""level"":24},{""move"":""drill-peck"",""level"":30},{""move"":""rage"",""level"":36},{""move"":""tri-attack"",""level"":40},{""move"":""agility"",""level"":44}]"
85,dodrio,"normal, flying","{""HP"":60,""ATTACK"":110,""DEFENCE"":70,""SPECIAL"":60,""SPEED"":110}",{},fly,"bide, body-slam, double-edge, double-team, hyper-beam, mimic, rage, reflect, rest, skull-bash, sky-attack, substitute, take-down, toxic, tri-attack, whirlwind","[{""move"":""fury-attack"",""level"":1},{""move"":""growl"",""level"":1},{""move"":""peck"",""level"":1},{""move"":""growl"",""level"":20},{""move"":""fury-attack"",""level"":24},{""move"":""drill-peck"",""level"":30},{""move"":""rage"",""level"":39},{""move"":""tri-attack"",""level"":45},{""move"":""agility"",""level"":51}]"
86,seel,water,"{""HP"":65,""ATTACK"":45,""DEFENCE"":55,""SPECIAL"":45,""SPEED"":45}","{""POKEMON"":""dewgong"",""LEVEL"":34}","strength, surf","bide, blizzard, body-slam, bubble-beam, double-edge, double-team, horn-drill, ice-beam, mimic, pay-day, rage, rest, skull-bash, substitute, take-down, toxic, water-gun","[{""move"":""headbutt"",""level"":1},{""move"":""growl"",""level"":30},{""move"":""aurora-beam"",""level"":35},{""move"":""rest"",""level"":40},{""move"":""take-down"",""level"":45},{""move"":""ice-beam"",""level"":50}]"
87,dewgong,"water, ice","{""HP"":90,""ATTACK"":70,""DEFENCE"":80,""SPECIAL"":70,""SPEED"":70}",{},"strength, surf","bide, blizzard, body-slam, bubble-beam, double-edge, double-team, horn-drill, hyper-beam, ice-beam, mimic, pay-day, rage, rest, skull-bash, substitute, take-down, toxic, water-gun","[{""move"":""headbutt"",""level"":1},{""move"":""growl"",""level"":1},{""move"":""aurora-beam"",""level"":1},{""move"":""growl"",""level"":30},{""move"":""aurora-beam"",""level"":35},{""move"":""rest"",""level"":44},{""move"":""take-down"",""level"":50},{""move"":""ice-beam"",""level"":56}]"
88,grimer,poison,"{""HP"":80,""ATTACK"":80,""DEFENCE"":50,""SPECIAL"":40,""SPEED"":25}","{""POKEMON"":""muk"",""LEVEL"":38}",,"bide, body-slam, double-team, explosion, fire-blast, mega-drain, mimic, rage, rest, self-destruct, substitute, thunder, thunderbolt, toxic","[{""move"":""pound"",""level"":1},{""move"":""disable"",""level"":1},{""move"":""poison-gas"",""level"":30},{""move"":""minimize"",""level"":33},{""move"":""sludge"",""level"":37},{""move"":""harden"",""level"":42},{""move"":""screech"",""level"":48},{""move"":""acid-armor"",""level"":55}]"
89,muk,poison,"{""HP"":105,""ATTACK"":105,""DEFENCE"":75,""SPECIAL"":65,""SPEED"":50}",{},,"bide, body-slam, double-team, explosion, fire-blast, hyper-beam, mega-drain, mimic, rage, rest, self-destruct, substitute, thunder, thunderbolt, toxic","[{""move"":""pound"",""level"":1},{""move"":""disable"",""level"":1},{""move"":""poison-gas"",""level"":1},{""move"":""poison-gas"",""level"":30},{""move"":""minimize"",""level"":33},{""move"":""sludge"",""level"":37},{""move"":""harden"",""level"":45},{""move"":""screech"",""level"":53},{""move"":""acid-armor"",""level"":60}]"
90,shellder,water,"{""HP"":30,""ATTACK"":65,""DEFENCE"":100,""SPECIAL"":45,""SPEED"":40}","{""POKEMON"":""cloyster"",""LEVEL"":null}",surf,"bide, blizzard, bubble-beam, double-edge, double-team, explosion, ice-beam, mimic, rage, reflect, rest, self-destruct, substitute, swift, take-down, teleport, toxic, tri-attack, water-gun","[{""move"":""tackle"",""level"":1},{""move"":""withdraw"",""level"":1},{""move"":""supersonic"",""level"":18},{""move"":""clamp"",""level"":23},{""move"":""aurora-beam"",""level"":30},{""move"":""leer"",""level"":39},{""move"":""ice-beam"",""level"":50}]"
91,cloyster,"water, ice","{""HP"":50,""ATTACK"":95,""DEFENCE"":180,""SPECIAL"":85,""SPEED"":70}",{},surf,"bide, blizzard, bubble-beam, double-edge, double-team, explosion, hyper-beam, ice-beam, mimic, rage, reflect, rest, self-destruct, substitute, swift, take-down, teleport, toxic, tri-attack, water-gun","[{""move"":""supersonic"",""level"":1},{""move"":""aurora-beam"",""level"":1},{""move"":""withdraw"",""level"":1},{""move"":""clamp"",""level"":1},{""move"":""spike-cannon"",""level"":50}]"
92,gastly,"ghost, poison","{""HP"":30,""ATTACK"":35,""DEFENCE"":30,""SPECIAL"":100,""SPEED"":80}","{""POKEMON"":""haunter"",""LEVEL"":25}",,"bide, double-team, dream-eater, explosion, mega-drain, mimic, psychic, psywave, rage, rest, self-destruct, substitute, thunder, thunderbolt, toxic","[{""move"":""night-shade"",""level"":1},{""move"":""confuse-ray"",""level"":1},{""move"":""lick"",""level"":1},{""move"":""hypnosis"",""level"":27},{""move"":""dream-eater"",""level"":35}]"
93,haunter,"ghost, poison","{""HP"":45,""ATTACK"":50,""DEFENCE"":45,""SPECIAL"":115,""SPEED"":95}","{""POKEMON"":""gengar"",""LEVEL"":null}",,"bide, double-team, dream-eater, explosion, mega-drain, mimic, psychic, psywave, rage, rest, self-destruct, substitute, thunder, thunderbolt, toxic","[{""move"":""night-shade"",""level"":1},{""move"":""confuse-ray"",""level"":1},{""move"":""lick"",""level"":1},{""move"":""hypnosis"",""level"":29},{""move"":""dream-eater"",""level"":38}]"
94,gengar,"ghost, poison","{""HP"":60,""ATTACK"":65,""DEFENCE"":60,""SPECIAL"":130,""SPEED"":110}",{},strength,"bide, body-slam, counter, double-edge, double-team, dream-eater, explosion, hyper-beam, mega-drain, mega-kick, mega-punch, metronome, mimic, psychic, psywave, rage, rest, seismic-toss, self-destruct, skull-bash, submission, substitute, take-down, thunder, thunderbolt, toxic","[{""move"":""night-shade"",""level"":1},{""move"":""confuse-ray"",""level"":1},{""move"":""lick"",""level"":1},{""move"":""hypnosis"",""level"":29},{""move"":""dream-eater"",""level"":38}]"
95,onix,"rock, ground","{""HP"":35,""ATTACK"":45,""DEFENCE"":160,""SPECIAL"":30,""SPEED"":70}",{},strength,"bide, body-slam, dig, double-edge, double-team, earthquake, explosion, fissure, mimic, rage, rest, rock-slide, self-destruct, skull-bash, substitute, take-down, toxic","[{""move"":""tackle"",""level"":1},{""move"":""screech"",""level"":1},{""move"":""bind"",""level"":15},{""move"":""rock-throw"",""level"":19},{""move"":""rage"",""level"":25},{""move"":""slam"",""level"":33},{""move"":""harden"",""level"":43}]"
96,drowzee,psychic,"{""HP"":60,""ATTACK"":48,""DEFENCE"":45,""SPECIAL"":43,""SPEED"":42}","{""POKEMON"":""hypno"",""LEVEL"":26}",flash,"bide, body-slam, counter, double-edge, double-team, dream-eater, mega-kick, mega-punch, metronome, mimic, psychic, psywave, rage, reflect, rest, seismic-toss, skull-bash, submission, substitute, take-down, teleport, thunder-wave, toxic, tri-attack","[{""move"":""pound"",""level"":1},{""move"":""hypnosis"",""level"":1},{""move"":""disable"",""level"":12},{""move"":""confusion"",""level"":17},{""move"":""headbutt"",""level"":24},{""move"":""poison-gas"",""level"":29},{""move"":""psychic"",""level"":32},{""move"":""meditate"",""level"":37}]"
97,hypno,psychic,"{""HP"":85,""ATTACK"":73,""DEFENCE"":70,""SPECIAL"":73,""SPEED"":67}",{},flash,"bide, body-slam, counter, double-edge, double-team, dream-eater, hyper-beam, mega-kick, mega-punch, metronome, mimic, psychic, psywave, rage, reflect, rest, seismic-toss, skull-bash, submission, substitute, take-down, teleport, thunder-wave, toxic, tri-attack","[{""move"":""pound"",""level"":1},{""move"":""disable"",""level"":1},{""move"":""confusion"",""level"":1},{""move"":""hypnosis"",""level"":1},{""move"":""disable"",""level"":12},{""move"":""confusion"",""level"":17},{""move"":""headbutt"",""level"":24},{""move"":""poison-gas"",""level"":33},{""move"":""psychic"",""level"":37},{""move"":""meditate"",""level"":43}]"
98,krabby,water,"{""HP"":30,""ATTACK"":105,""DEFENCE"":90,""SPECIAL"":25,""SPEED"":50}","{""POKEMON"":""kingler"",""LEVEL"":28}","cut, strength, surf","bide, blizzard, body-slam, bubble-beam, double-edge, double-team, ice-beam, mimic, rage, rest, substitute, swords-dance, take-down, toxic, water-gun","[{""move"":""leer"",""level"":1},{""move"":""bubble"",""level"":1},{""move"":""vice-grip"",""level"":20},{""move"":""guillotine"",""level"":25},{""move"":""stomp"",""level"":30},{""move"":""crabhammer"",""level"":35},{""move"":""harden"",""level"":40}]"
99,kingler,water,"{""HP"":55,""ATTACK"":130,""DEFENCE"":115,""SPECIAL"":50,""SPEED"":75}",{},"cut, strength, surf","bide, blizzard, body-slam, bubble-beam, double-edge, double-team, hyper-beam, ice-beam, mimic, rage, rest, substitute, swords-dance, take-down, toxic, water-gun","[{""move"":""vice-grip"",""level"":1},{""move"":""leer"",""level"":1},{""move"":""bubble"",""level"":1},{""move"":""vice-grip"",""level"":20},{""move"":""guillotine"",""level"":25},{""move"":""stomp"",""level"":34},{""move"":""crabhammer"",""level"":42},{""move"":""harden"",""level"":49}]"
100,voltorb,electric,"{""HP"":40,""ATTACK"":30,""DEFENCE"":50,""SPECIAL"":55,""SPEED"":100}","{""POKEMON"":""electrode"",""LEVEL"":30}",flash,"bide, double-team, explosion, mimic, rage, reflect, rest, self-destruct, substitute, swift, take-down, teleport, thunder, thunder-wave, thunderbolt, toxic","[{""move"":""tackle"",""level"":1},{""move"":""screech"",""level"":1},{""move"":""sonic-boom"",""level"":17},{""move"":""self-destruct"",""level"":22},{""move"":""light-screen"",""level"":29},{""move"":""swift"",""level"":36},{""move"":""explosion"",""level"":43}]"
101,electrode,electric,"{""HP"":60,""ATTACK"":50,""DEFENCE"":70,""SPECIAL"":80,""SPEED"":150}",{},flash,"bide, double-team, explosion, hyper-beam, mimic, rage, reflect, rest, self-destruct, skull-bash, substitute, swift, take-down, teleport, thunder, thunder-wave, thunderbolt, toxic","[{""move"":""tackle"",""level"":1},{""move"":""sonic-boom"",""level"":1},{""move"":""screech"",""level"":1},{""move"":""sonic-boom"",""level"":17},{""move"":""self-destruct"",""level"":22},{""move"":""light-screen"",""level"":29},{""move"":""swift"",""level"":40},{""move"":""explosion"",""level"":50}]"
102,exeggcute,"grass, psychic","{""HP"":60,""ATTACK"":40,""DEFENCE"":80,""SPECIAL"":60,""SPEED"":40}","{""POKEMON"":""exeggutor"",""LEVEL"":null}",,"bide, double-edge, double-team, egg-bomb, explosion, mimic, psychic, psywave, rage, reflect, rest, self-destruct, substitute, take-down, teleport, toxic","[{""move"":""hypnosis"",""level"":1},{""move"":""barrage"",""level"":1},{""move"":""reflect"",""level"":25},{""move"":""leech-seed"",""level"":28},{""move"":""stun-spore"",""level"":32},{""move"":""poison-powder"",""level"":37},{""move"":""solar-beam"",""level"":42},{""move"":""sleep-powder"",""level"":48}]"
103,exeggutor,"grass, psychic","{""HP"":95,""ATTACK"":95,""DEFENCE"":85,""SPECIAL"":125,""SPEED"":55}",{},strength,"bide, double-edge, double-team, egg-bomb, explosion, hyper-beam, mega-drain, mimic, psychic, psywave, rage, reflect, rest, self-destruct, solar-beam, substitute, take-down, teleport, toxic","[{""move"":""hypnosis"",""level"":1},{""move"":""barrage"",""level"":1},{""move"":""stomp"",""level"":28}]"
104,cubone,ground,"{""HP"":50,""ATTACK"":50,""DEFENCE"":95,""SPECIAL"":40,""SPEED"":35}","[{""POKEMON"":""marowak"",""LEVEL"":28},{""POKEMON"":""marowak"",""LEVEL"":28}]",strength,"bide, blizzard, body-slam, bubble-beam, counter, dig, double-edge, double-team, earthquake, fire-blast, fissure, ice-beam, mega-kick, mega-punch, mimic, rage, rest, seismic-toss, skull-bash, submission, substitute, take-down, toxic, water-gun","[{""move"":""growl"",""level"":1},{""move"":""bone-club"",""level"":1},{""move"":""leer"",""level"":25},{""move"":""focus-energy"",""level"":31},{""move"":""thrash"",""level"":38},{""move"":""bonemerang"",""level"":43},{""move"":""rage"",""level"":46}]"
105,marowak,ground,"{""HP"":60,""ATTACK"":80,""DEFENCE"":110,""SPECIAL"":50,""SPEED"":45}",{},strength,"bide, blizzard, body-slam, bubble-beam, counter, dig, double-edge, double-team, earthquake, fire-blast, fissure, hyper-beam, ice-beam, mega-kick, mega-punch, mimic, rage, rest, seismic-toss, skull-bash, submission, substitute, take-down, toxic, water-gun","[{""move"":""leer"",""level"":1},{""move"":""growl"",""level"":1},{""move"":""focus-energy"",""level"":1},{""move"":""bone-club"",""level"":1},{""move"":""leer"",""level"":25},{""move"":""focus-energy"",""level"":33},{""move"":""thrash"",""level"":41},{""move"":""bonemerang"",""level"":48},{""move"":""rage"",""level"":55}]"
106,hitmonlee,fighting,"{""HP"":50,""ATTACK"":120,""DEFENCE"":53,""SPECIAL"":35,""SPEED"":87}",{},strength,"bide, body-slam, counter, double-edge, double-team, mega-kick, mega-punch, metronome, mimic, rage, rest, seismic-toss, skull-bash, submission, substitute, swift, take-down, toxic","[{""move"":""double-kick"",""level"":1},{""move"":""meditate"",""level"":1},{""move"":""rolling-kick"",""level"":33},{""move"":""jump-kick"",""level"":38},{""move"":""focus-energy"",""level"":43},{""move"":""high-jump-kick"",""level"":48},{""move"":""mega-kick"",""level"":53}]"
107,hitmonchan,fighting,"{""HP"":50,""ATTACK"":105,""DEFENCE"":79,""SPECIAL"":35,""SPEED"":76}",{},strength,"bide, body-slam, counter, double-edge, double-team, mega-kick, mega-punch, metronome, mimic, rage, rest, seismic-toss, skull-bash, submission, substitute, swift, take-down, toxic","[{""move"":""comet-punch"",""level"":1},{""move"":""agility"",""level"":1},{""move"":""fire-punch"",""level"":33},{""move"":""ice-punch"",""level"":38},{""move"":""thunder-punch"",""level"":43},{""move"":""mega-punch"",""level"":48},{""move"":""counter"",""level"":53}]"
108,lickitung,normal,"{""HP"":90,""ATTACK"":55,""DEFENCE"":75,""SPECIAL"":60,""SPEED"":30}",{},"cut, strength, surf","bide, blizzard, body-slam, bubble-beam, counter, double-edge, double-team, earthquake, fire-blast, fissure, hyper-beam, ice-beam, mega-kick, mega-punch, mimic, rage, rest, seismic-toss, skull-bash, submission, substitute, swords-dance, take-down, thunder, thunderbolt, toxic, water-gun","[{""move"":""wrap"",""level"":1},{""move"":""supersonic"",""level"":1},{""move"":""stomp"",""level"":7},{""move"":""disable"",""level"":15},{""move"":""defense-curl"",""level"":23},{""move"":""slam"",""level"":31},{""move"":""screech"",""level"":39}]"
109,koffing,poison,"{""HP"":40,""ATTACK"":65,""DEFENCE"":95,""SPECIAL"":60,""SPEED"":35}","{""POKEMON"":""weezing"",""LEVEL"":35}",,"bide, double-team, explosion, fire-blast, mimic, rage, rest, self-destruct, substitute, thunder, thunderbolt, toxic","[{""move"":""tackle"",""level"":1},{""move"":""smog"",""level"":1},{""move"":""sludge"",""level"":32},{""move"":""smokescreen"",""level"":37},{""move"":""self-destruct"",""level"":40},{""move"":""haze"",""level"":45},{""move"":""explosion"",""level"":48}]"
110,weezing,poison,"{""HP"":65,""ATTACK"":90,""DEFENCE"":120,""SPECIAL"":85,""SPEED"":60}",{},,"bide, double-team, explosion, fire-blast, hyper-beam, mimic, rage, rest, self-destruct, substitute, thunder, thunderbolt, toxic","[{""move"":""tackle"",""level"":1},{""move"":""smog"",""level"":1},{""move"":""sludge"",""level"":1},{""move"":""sludge"",""level"":32},{""move"":""smokescreen"",""level"":39},{""move"":""self-destruct"",""level"":43},{""move"":""haze"",""level"":49},{""move"":""explosion"",""level"":53}]"
111,rhyhorn,"ground, rock","{""HP"":80,""ATTACK"":85,""DEFENCE"":95,""SPECIAL"":30,""SPEED"":25}","{""POKEMON"":""rhydon"",""LEVEL"":42}",strength,"bide, body-slam, dig, double-edge, double-team, earthquake, fire-blast, fissure, horn-drill, mimic, rage, rest, rock-slide, skull-bash, substitute, take-down, thunder, thunderbolt, toxic","[{""move"":""horn-attack"",""level"":1},{""move"":""stomp"",""level"":30},{""move"":""tail-whip"",""level"":35},{""move"":""fury-attack"",""level"":40},{""move"":""horn-drill"",""level"":45},{""move"":""leer"",""level"":50},{""move"":""take-down"",""level"":55}]"
112,rhydon,"ground, rock","{""HP"":105,""ATTACK"":130,""DEFENCE"":120,""SPECIAL"":45,""SPEED"":40}",{},"strength, surf","bide, blizzard, body-slam, bubble-beam, counter, dig, double-edge, double-team, earthquake, fire-blast, fissure, horn-drill, hyper-beam, ice-beam, mega-kick, mega-punch, mimic, pay-day, rage, rest, rock-slide, seismic-toss, skull-bash, submission, substitute, take-down, thunder, thunderbolt, toxic, water-gun","[{""move"":""stomp"",""level"":1},{""move"":""horn-attack"",""level"":1},{""move"":""fury-attack"",""level"":1},{""move"":""tail-whip"",""level"":1},{""move"":""stomp"",""level"":30},{""move"":""tail-whip"",""level"":35},{""move"":""fury-attack"",""level"":40},{""move"":""horn-drill"",""level"":48},{""move"":""leer"",""level"":55},{""move"":""take-down"",""level"":64}]"
113,chansey,normal,"{""HP"":250,""ATTACK"":5,""DEFENCE"":5,""SPECIAL"":35,""SPEED"":50}",{},"flash, strength","bide, blizzard, body-slam, bubble-beam, counter, double-edge, double-team, egg-bomb, fire-blast, hyper-beam, ice-beam, mega-kick, mega-punch, metronome, mimic, psychic, psywave, rage, reflect, rest, seismic-toss, skull-bash, soft-boiled, solar-beam, submission, substitute, take-down, teleport, thunder, thunder-wave, thunderbolt, toxic, tri-attack, water-gun","[{""move"":""pound"",""level"":1},{""move"":""double-slap"",""level"":1},{""move"":""sing"",""level"":24},{""move"":""growl"",""level"":30},{""move"":""minimize"",""level"":38},{""move"":""defense-curl"",""level"":44},{""move"":""light-screen"",""level"":48},{""move"":""double-edge"",""level"":54}]"
114,tangela,grass,"{""HP"":65,""ATTACK"":55,""DEFENCE"":115,""SPECIAL"":100,""SPEED"":60}",{},cut,"bide, body-slam, double-edge, double-team, hyper-beam, mega-drain, mimic, rage, rest, skull-bash, solar-beam, substitute, swords-dance, take-down, toxic","[{""move"":""bind"",""level"":1},{""move"":""constrict"",""level"":1},{""move"":""absorb"",""level"":29},{""move"":""poison-powder"",""level"":32},{""move"":""stun-spore"",""level"":36},{""move"":""sleep-powder"",""level"":39},{""move"":""slam"",""level"":45},{""move"":""growth"",""level"":49}]"
115,kangaskhan,normal,"{""HP"":105,""ATTACK"":95,""DEFENCE"":80,""SPECIAL"":40,""SPEED"":90}",{},"strength, surf","bide, blizzard, body-slam, bubble-beam, counter, double-edge, double-team, earthquake, fire-blast, fissure, hyper-beam, ice-beam, mega-kick, mega-punch, mimic, rage, rest, rock-slide, seismic-toss, skull-bash, submission, substitute, take-down, thunder, thunderbolt, toxic, water-gun","[{""move"":""comet-punch"",""level"":1},{""move"":""rage"",""level"":1},{""move"":""bite"",""level"":26},{""move"":""tail-whip"",""level"":31},{""move"":""mega-punch"",""level"":36},{""move"":""leer"",""level"":41},{""move"":""dizzy-punch"",""level"":46}]"
116,horsea,water,"{""HP"":30,""ATTACK"":40,""DEFENCE"":70,""SPECIAL"":70,""SPEED"":60}","{""POKEMON"":""seadra"",""LEVEL"":32}",surf,"bide, blizzard, bubble-beam, double-edge, double-team, ice-beam, mimic, rage, rest, skull-bash, substitute, swift, take-down, toxic, water-gun","[{""move"":""bubble"",""level"":1},{""move"":""smokescreen"",""level"":19},{""move"":""leer"",""level"":24},{""move"":""water-gun"",""level"":30},{""move"":""agility"",""level"":37},{""move"":""hydro-pump"",""level"":45}]"
117,seadra,water,"{""HP"":55,""ATTACK"":65,""DEFENCE"":95,""SPECIAL"":95,""SPEED"":85}",{},surf,"bide, blizzard, bubble-beam, double-edge, double-team, hyper-beam, ice-beam, mimic, rage, rest, skull-bash, substitute, swift, take-down, toxic, water-gun","[{""move"":""smokescreen"",""level"":1},{""move"":""bubble"",""level"":1},{""move"":""smokescreen"",""level"":19},{""move"":""leer"",""level"":24},{""move"":""water-gun"",""level"":30},{""move"":""agility"",""level"":41},{""move"":""hydro-pump"",""level"":52}]"
118,goldeen,water,"{""HP"":45,""ATTACK"":67,""DEFENCE"":60,""SPECIAL"":35,""SPEED"":63}","{""POKEMON"":""seaking"",""LEVEL"":33}",surf,"bide, blizzard, bubble-beam, double-edge, double-team, horn-drill, ice-beam, mimic, rage, rest, skull-bash, substitute, swift, take-down, toxic, water-gun","[{""move"":""tail-whip"",""level"":1},{""move"":""peck"",""level"":1},{""move"":""supersonic"",""level"":19},{""move"":""horn-attack"",""level"":24},{""move"":""fury-attack"",""level"":30},{""move"":""waterfall"",""level"":37},{""move"":""horn-drill"",""level"":45},{""move"":""agility"",""level"":54}]"
119,seaking,water,"{""HP"":80,""ATTACK"":92,""DEFENCE"":65,""SPECIAL"":65,""SPEED"":68}",{},surf,"bide, blizzard, bubble-beam, double-edge, double-team, horn-drill, hyper-beam, ice-beam, mimic, rage, rest, skull-bash, substitute, swift, take-down, toxic, water-gun","[{""move"":""tail-whip"",""level"":1},{""move"":""supersonic"",""level"":1},{""move"":""peck"",""level"":1},{""move"":""supersonic"",""level"":19},{""move"":""horn-attack"",""level"":24},{""move"":""fury-attack"",""level"":30},{""move"":""waterfall"",""level"":39},{""move"":""horn-drill"",""level"":48},{""move"":""agility"",""level"":54}]"
120,staryu,water,"{""HP"":30,""ATTACK"":45,""DEFENCE"":55,""SPECIAL"":70,""SPEED"":85}","{""POKEMON"":""starmie"",""LEVEL"":null}","flash, surf","bide, blizzard, bubble-beam, double-edge, double-team, ice-beam, mimic, psychic, psywave, rage, reflect, rest, skull-bash, substitute, swift, take-down, teleport, thunder, thunder-wave, thunderbolt, toxic, tri-attack, water-gun","[{""move"":""tackle"",""level"":1},{""move"":""water-gun"",""level"":17},{""move"":""harden"",""level"":22},{""move"":""recover"",""level"":27},{""move"":""swift"",""level"":32},{""move"":""minimize"",""level"":37},{""move"":""light-screen"",""level"":42},{""move"":""hydro-pump"",""level"":47}]"
121,starmie,"water, psychic","{""HP"":60,""ATTACK"":75,""DEFENCE"":85,""SPECIAL"":100,""SPEED"":115}",{},"flash, surf","bide, blizzard, bubble-beam, double-edge, double-team, hyper-beam, ice-beam, mimic, psychic, psywave, rage, reflect, rest, skull-bash, substitute, swift, take-down, teleport, thunder, thunder-wave, thunderbolt, toxic, tri-attack, water-gun","[{""move"":""tackle"",""level"":1},{""move"":""water-gun"",""level"":1},{""move"":""harden"",""level"":1}]"
122,mr-mime,psychic,"{""HP"":40,""ATTACK"":45,""DEFENCE"":65,""SPECIAL"":100,""SPEED"":90}",{},flash,"bide, body-slam, counter, double-edge, double-team, hyper-beam, mega-kick, mega-punch, metronome, mimic, psychic, psywave, rage, reflect, rest, seismic-toss, skull-bash, solar-beam, submission, substitute, take-down, teleport, thunder, thunder-wave, thunderbolt, toxic","[{""move"":""confusion"",""level"":1},{""move"":""barrier"",""level"":1},{""move"":""confusion"",""level"":15},{""move"":""light-screen"",""level"":23},{""move"":""double-slap"",""level"":31},{""move"":""meditate"",""level"":39},{""move"":""substitute"",""level"":47}]"
123,scyther,"bug, flying","{""HP"":70,""ATTACK"":110,""DEFENCE"":80,""SPECIAL"":55,""SPEED"":105}",{},cut,"bide, double-edge, double-team, hyper-beam, mimic, rage, rest, skull-bash, substitute, swift, swords-dance, take-down, toxic","[{""move"":""quick-attack"",""level"":1},{""move"":""leer"",""level"":17},{""move"":""focus-energy"",""level"":20},{""move"":""double-team"",""level"":24},{""move"":""slash"",""level"":29},{""move"":""swords-dance"",""level"":35},{""move"":""agility"",""level"":42}]"
124,jynx,"ice, psychic","{""HP"":65,""ATTACK"":50,""DEFENCE"":35,""SPECIAL"":115,""SPEED"":95}",{},,"bide, blizzard, body-slam, bubble-beam, counter, double-edge, double-team, hyper-beam, ice-beam, mega-kick, mega-punch, metronome, mimic, psychic, psywave, rage, reflect, rest, seismic-toss, skull-bash, submission, substitute, take-down, teleport, toxic, water-gun","[{""move"":""pound"",""level"":1},{""move"":""lovely-kiss"",""level"":1},{""move"":""lick"",""level"":18},{""move"":""double-slap"",""level"":23},{""move"":""ice-punch"",""level"":31},{""move"":""body-slam"",""level"":39},{""move"":""thrash"",""level"":47},{""move"":""blizzard"",""level"":58}]"
125,electabuzz,electric,"{""HP"":65,""ATTACK"":83,""DEFENCE"":57,""SPECIAL"":95,""SPEED"":105}",{},"flash, strength","bide, body-slam, counter, double-edge, double-team, hyper-beam, mega-kick, mega-punch, metronome, mimic, psychic, psywave, rage, reflect, rest, seismic-toss, skull-bash, submission, substitute, swift, take-down, teleport, thunder, thunder-wave, thunderbolt, toxic","[{""move"":""leer"",""level"":1},{""move"":""quick-attack"",""level"":1},{""move"":""thunder-shock"",""level"":34},{""move"":""screech"",""level"":37},{""move"":""thunder-punch"",""level"":42},{""move"":""light-screen"",""level"":49},{""move"":""thunder"",""level"":54}]"
126,magmar,fire,"{""HP"":65,""ATTACK"":95,""DEFENCE"":57,""SPECIAL"":100,""SPEED"":93}",{},strength,"bide, body-slam, counter, double-edge, double-team, fire-blast, hyper-beam, mega-kick, mega-punch, metronome, mimic, psychic, psywave, rage, rest, seismic-toss, skull-bash, submission, substitute, take-down, teleport, toxic","[{""move"":""ember"",""level"":1},{""move"":""leer"",""level"":36},{""move"":""confuse-ray"",""level"":39},{""move"":""fire-punch"",""level"":43},{""move"":""smokescreen"",""level"":48},{""move"":""smog"",""level"":52},{""move"":""flamethrower"",""level"":55}]"
127,pinsir,bug,"{""HP"":65,""ATTACK"":125,""DEFENCE"":100,""SPECIAL"":55,""SPEED"":85}",{},"cut, strength","bide, body-slam, double-edge, double-team, hyper-beam, mimic, rage, rest, seismic-toss, submission, substitute, swords-dance, take-down, toxic","[{""move"":""vice-grip"",""level"":1},{""move"":""seismic-toss"",""level"":25},{""move"":""guillotine"",""level"":30},{""move"":""focus-energy"",""level"":36},{""move"":""harden"",""level"":43},{""move"":""slash"",""level"":49},{""move"":""swords-dance"",""level"":54}]"
128,tauros,normal,"{""HP"":75,""ATTACK"":100,""DEFENCE"":95,""SPECIAL"":40,""SPEED"":110}",{},strength,"bide, blizzard, body-slam, double-edge, double-team, earthquake, fire-blast, fissure, horn-drill, hyper-beam, ice-beam, mimic, rage, rest, skull-bash, substitute, take-down, thunder, thunderbolt, toxic","[{""move"":""tackle"",""level"":1},{""move"":""stomp"",""level"":21},{""move"":""tail-whip"",""level"":28},{""move"":""leer"",""level"":35},{""move"":""rage"",""level"":44},{""move"":""take-down"",""level"":51}]"
129,magikarp,water,"{""HP"":20,""ATTACK"":10,""DEFENCE"":55,""SPECIAL"":15,""SPEED"":80}","{""POKEMON"":""gyarados"",""LEVEL"":20}",,,"[{""move"":""splash"",""level"":1},{""move"":""tackle"",""level"":15}]"
130,gyarados,"water, flying","{""HP"":95,""ATTACK"":125,""DEFENCE"":79,""SPECIAL"":60,""SPEED"":81}",{},"strength, surf","bide, blizzard, body-slam, bubble-beam, double-edge, double-team, dragon-rage, fire-blast, hyper-beam, ice-beam, mimic, rage, reflect, rest, skull-bash, substitute, take-down, thunder, thunderbolt, toxic, water-gun","[{""move"":""leer"",""level"":1},{""move"":""bite"",""level"":1},{""move"":""hydro-pump"",""level"":1},{""move"":""dragon-rage"",""level"":1},{""move"":""bite"",""level"":20},{""move"":""dragon-rage"",""level"":25},{""move"":""leer"",""level"":32},{""move"":""hydro-pump"",""level"":41},{""move"":""hyper-beam"",""level"":52}]"
131,lapras,"water, ice","{""HP"":130,""ATTACK"":85,""DEFENCE"":80,""SPECIAL"":85,""SPEED"":60}",{},"strength, surf","bide, blizzard, body-slam, bubble-beam, double-edge, double-team, dragon-rage, horn-drill, hyper-beam, ice-beam, mimic, psychic, psywave, rage, reflect, rest, skull-bash, solar-beam, substitute, take-down, thunder, thunderbolt, toxic, water-gun","[{""move"":""growl"",""level"":1},{""move"":""water-gun"",""level"":1},{""move"":""sing"",""level"":16},{""move"":""mist"",""level"":20},{""move"":""body-slam"",""level"":25},{""move"":""confuse-ray"",""level"":31},{""move"":""ice-beam"",""level"":38},{""move"":""hydro-pump"",""level"":46}]"
132,ditto,normal,"{""HP"":48,""ATTACK"":48,""DEFENCE"":48,""SPECIAL"":48,""SPEED"":48}",{},,,"[{""move"":""transform"",""level"":1}]"
133,eevee,normal,"{""HP"":55,""ATTACK"":55,""DEFENCE"":50,""SPECIAL"":45,""SPEED"":55}","[{""POKEMON"":""vaporeon"",""LEVEL"":null},{""POKEMON"":""jolteon"",""LEVEL"":null},{""POKEMON"":""flareon"",""LEVEL"":null}]",,"bide, body-slam, double-edge, double-team, mimic, rage, reflect, rest, skull-bash, substitute, swift, take-down, toxic","[{""move"":""sand-attack"",""level"":1},{""move"":""tackle"",""level"":1},{""move"":""quick-attack"",""level"":27},{""move"":""tail-whip"",""level"":31},{""move"":""bite"",""level"":37},{""move"":""take-down"",""level"":45}]"
134,vaporeon,water,"{""HP"":130,""ATTACK"":65,""DEFENCE"":60,""SPECIAL"":110,""SPEED"":65}",{},surf,"bide, blizzard, body-slam, bubble-beam, double-edge, double-team, hyper-beam, ice-beam, mimic, rage, reflect, rest, skull-bash, substitute, swift, take-down, toxic, water-gun","[{""move"":""sand-attack"",""level"":1},{""move"":""tackle"",""level"":1},{""move"":""water-gun"",""level"":1},{""move"":""quick-attack"",""level"":1},{""move"":""quick-attack"",""level"":27},{""move"":""water-gun"",""level"":31},{""move"":""tail-whip"",""level"":37},{""move"":""bite"",""level"":40},{""move"":""acid-armor"",""level"":42},{""move"":""haze"",""level"":44},{""move"":""mist"",""level"":48},{""move"":""hydro-pump"",""level"":54}]"
135,jolteon,electric,"{""HP"":65,""ATTACK"":65,""DEFENCE"":60,""SPECIAL"":110,""SPEED"":130}",{},flash,"bide, body-slam, double-edge, double-team, hyper-beam, mimic, rage, reflect, rest, skull-bash, substitute, swift, take-down, thunder, thunder-wave, thunderbolt, toxic","[{""move"":""sand-attack"",""level"":1},{""move"":""tackle"",""level"":1},{""move"":""thunder-shock"",""level"":1},{""move"":""quick-attack"",""level"":1},{""move"":""quick-attack"",""level"":27},{""move"":""thunder-shock"",""level"":31},{""move"":""tail-whip"",""level"":37},{""move"":""thunder-wave"",""level"":40},{""move"":""double-kick"",""level"":42},{""move"":""agility"",""level"":44},{""move"":""pin-missile"",""level"":48},{""move"":""thunder"",""level"":54}]"
136,flareon,fire,"{""HP"":65,""ATTACK"":130,""DEFENCE"":60,""SPECIAL"":95,""SPEED"":65}",{},,"bide, body-slam, double-edge, double-team, fire-blast, hyper-beam, mimic, rage, reflect, rest, skull-bash, substitute, swift, take-down, toxic","[{""move"":""sand-attack"",""level"":1},{""move"":""tackle"",""level"":1},{""move"":""ember"",""level"":1},{""move"":""quick-attack"",""level"":1},{""move"":""quick-attack"",""level"":27},{""move"":""ember"",""level"":31},{""move"":""tail-whip"",""level"":37},{""move"":""bite"",""level"":40},{""move"":""leer"",""level"":42},{""move"":""fire-spin"",""level"":44},{""move"":""rage"",""level"":48},{""move"":""flamethrower"",""level"":54}]"
137,porygon,normal,"{""HP"":65,""ATTACK"":60,""DEFENCE"":70,""SPECIAL"":85,""SPEED"":40}",{},flash,"bide, blizzard, double-edge, double-team, hyper-beam, ice-beam, mimic, psychic, psywave, rage, reflect, rest, skull-bash, substitute, swift, take-down, teleport, thunder, thunder-wave, thunderbolt, toxic, tri-attack","[{""move"":""tackle"",""level"":1},{""move"":""sharpen"",""level"":1},{""move"":""conversion"",""level"":1},{""move"":""psybeam"",""level"":23},{""move"":""recover"",""level"":28},{""move"":""agility"",""level"":35},{""move"":""tri-attack"",""level"":42}]"
138,omanyte,"rock, water","{""HP"":35,""ATTACK"":40,""DEFENCE"":100,""SPECIAL"":90,""SPEED"":35}","{""POKEMON"":""omastar"",""LEVEL"":40}",surf,"bide, blizzard, body-slam, bubble-beam, double-edge, double-team, ice-beam, mimic, rage, reflect, rest, substitute, take-down, toxic, water-gun","[{""move"":""water-gun"",""level"":1},{""move"":""withdraw"",""level"":1},{""move"":""horn-attack"",""level"":34},{""move"":""leer"",""level"":39},{""move"":""spike-cannon"",""level"":46},{""move"":""hydro-pump"",""level"":53}]"
139,omastar,"rock, water","{""HP"":70,""ATTACK"":60,""DEFENCE"":125,""SPECIAL"":115,""SPEED"":55}",{},surf,"bide, blizzard, body-slam, bubble-beam, double-edge, double-team, horn-drill, hyper-beam, ice-beam, mimic, rage, reflect, rest, seismic-toss, skull-bash, submission, substitute, take-down, toxic, water-gun","[{""move"":""horn-attack"",""level"":1},{""move"":""water-gun"",""level"":1},{""move"":""withdraw"",""level"":1},{""move"":""horn-attack"",""level"":34},{""move"":""leer"",""level"":39},{""move"":""spike-cannon"",""level"":44},{""move"":""hydro-pump"",""level"":49}]"
140,kabuto,"rock, water","{""HP"":30,""ATTACK"":80,""DEFENCE"":90,""SPECIAL"":55,""SPEED"":55}","{""POKEMON"":""kabutops"",""LEVEL"":40}",surf,"bide, blizzard, body-slam, bubble-beam, double-edge, double-team, ice-beam, mimic, rage, reflect, rest, substitute, take-down, toxic, water-gun","[{""move"":""scratch"",""level"":1},{""move"":""harden"",""level"":1},{""move"":""absorb"",""level"":34},{""move"":""slash"",""level"":39},{""move"":""leer"",""level"":44},{""move"":""hydro-pump"",""level"":49}]"
141,kabutops,"rock, water","{""HP"":60,""ATTACK"":115,""DEFENCE"":105,""SPECIAL"":65,""SPEED"":80}",{},"cut, surf","bide, blizzard, body-slam, bubble-beam, double-edge, double-team, hyper-beam, ice-beam, mega-kick, mimic, rage, razor-wind, reflect, rest, seismic-toss, skull-bash, submission, substitute, swords-dance, take-down, toxic, water-gun","[{""move"":""scratch"",""level"":1},{""move"":""absorb"",""level"":1},{""move"":""harden"",""level"":1},{""move"":""absorb"",""level"":34},{""move"":""slash"",""level"":39},{""move"":""leer"",""level"":46},{""move"":""hydro-pump"",""level"":53}]"
142,aerodactyl,"rock, flying","{""HP"":80,""ATTACK"":105,""DEFENCE"":65,""SPECIAL"":60,""SPEED"":130}",{},fly,"bide, double-edge, double-team, dragon-rage, fire-blast, hyper-beam, mimic, rage, razor-wind, reflect, rest, sky-attack, substitute, swift, take-down, toxic, whirlwind","[{""move"":""wing-attack"",""level"":1},{""move"":""agility"",""level"":1},{""move"":""supersonic"",""level"":33},{""move"":""bite"",""level"":38},{""move"":""take-down"",""level"":45},{""move"":""hyper-beam"",""level"":54}]"
143,snorlax,normal,"{""HP"":160,""ATTACK"":110,""DEFENCE"":65,""SPECIAL"":65,""SPEED"":30}",{},"strength, surf","bide, blizzard, body-slam, bubble-beam, counter, double-edge, double-team, earthquake, fire-blast, fissure, hyper-beam, ice-beam, mega-kick, mega-punch, metronome, mimic, pay-day, psychic, psywave, rage, reflect, rest, rock-slide, seismic-toss, self-destruct, skull-bash, solar-beam, submission, substitute, take-down, thunder, thunderbolt, toxic, water-gun","[{""move"":""headbutt"",""level"":1},{""move"":""amnesia"",""level"":1},{""move"":""rest"",""level"":1},{""move"":""body-slam"",""level"":35},{""move"":""harden"",""level"":41},{""move"":""double-edge"",""level"":48},{""move"":""hyper-beam"",""level"":56}]"
144,articuno,"ice, flying","{""HP"":90,""ATTACK"":85,""DEFENCE"":100,""SPECIAL"":95,""SPEED"":85}",{},fly,"bide, blizzard, bubble-beam, double-edge, double-team, hyper-beam, ice-beam, mimic, rage, razor-wind, reflect, rest, sky-attack, substitute, swift, take-down, toxic, water-gun, whirlwind","[{""move"":""ice-beam"",""level"":1},{""move"":""peck"",""level"":1},{""move"":""blizzard"",""level"":51},{""move"":""agility"",""level"":55},{""move"":""mist"",""level"":60}]"
145,zapdos,"electric, flying","{""HP"":90,""ATTACK"":90,""DEFENCE"":85,""SPECIAL"":125,""SPEED"":100}",{},"flash, fly","bide, double-edge, double-team, hyper-beam, mimic, rage, razor-wind, reflect, rest, sky-attack, substitute, swift, take-down, thunder, thunder-wave, thunderbolt, toxic, whirlwind","[{""move"":""drill-peck"",""level"":1},{""move"":""thunder-shock"",""level"":1},{""move"":""thunder"",""level"":51},{""move"":""agility"",""level"":55},{""move"":""light-screen"",""level"":60}]"
146,moltres,"fire, flying","{""HP"":90,""ATTACK"":100,""DEFENCE"":90,""SPECIAL"":125,""SPEED"":90}",{},fly,"bide, double-edge, double-team, fire-blast, hyper-beam, mimic, rage, razor-wind, reflect, rest, sky-attack, substitute, swift, take-down, toxic, whirlwind","[{""move"":""peck"",""level"":1},{""move"":""fire-spin"",""level"":1},{""move"":""leer"",""level"":51},{""move"":""agility"",""level"":55},{""move"":""sky-attack"",""level"":60}]"
147,dratini,dragon,"{""HP"":41,""ATTACK"":64,""DEFENCE"":45,""SPECIAL"":50,""SPEED"":50}","{""POKEMON"":""dragonair"",""LEVEL"":30}",surf,"bide, blizzard, body-slam, bubble-beam, double-edge, double-team, dragon-rage, fire-blast, ice-beam, mimic, rage, reflect, rest, skull-bash, substitute, swift, take-down, thunder, thunder-wave, thunderbolt, toxic, water-gun","[{""move"":""wrap"",""level"":1},{""move"":""leer"",""level"":1},{""move"":""thunder-wave"",""level"":10},{""move"":""agility"",""level"":20},{""move"":""slam"",""level"":30},{""move"":""dragon-rage"",""level"":40},{""move"":""hyper-beam"",""level"":50}]"
148,dragonair,dragon,"{""HP"":61,""ATTACK"":84,""DEFENCE"":65,""SPECIAL"":70,""SPEED"":70}","{""POKEMON"":""dragonite"",""LEVEL"":55}",surf,"bide, blizzard, body-slam, bubble-beam, double-edge, double-team, dragon-rage, fire-blast, horn-drill, ice-beam, mimic, rage, reflect, rest, skull-bash, substitute, swift, take-down, thunder, thunder-wave, thunderbolt, toxic, water-gun","[{""move"":""wrap"",""level"":1},{""move"":""leer"",""level"":1},{""move"":""thunder-wave"",""level"":1},{""move"":""thunder-wave"",""level"":10},{""move"":""agility"",""level"":20},{""move"":""slam"",""level"":35},{""move"":""dragon-rage"",""level"":45},{""move"":""hyper-beam"",""level"":55}]"
149,dragonite,"dragon, flying","{""HP"":91,""ATTACK"":134,""DEFENCE"":95,""SPECIAL"":100,""SPEED"":80}",{},"strength, surf","bide, blizzard, body-slam, bubble-beam, double-edge, double-team, dragon-rage, fire-blast, horn-drill, hyper-beam, ice-beam, mimic, rage, razor-wind, reflect, rest, skull-bash, substitute, swift, take-down, thunder, thunder-wave, thunderbolt, toxic, water-gun","[{""move"":""wrap"",""level"":1},{""move"":""leer"",""level"":1},{""move"":""thunder-wave"",""level"":1},{""move"":""agility"",""level"":1},{""move"":""thunder-wave"",""level"":10},{""move"":""agility"",""level"":20},{""move"":""slam"",""level"":35},{""move"":""dragon-rage"",""level"":45},{""move"":""hyper-beam"",""level"":60}]"
150,mewtwo,psychic,"{""HP"":106,""ATTACK"":110,""DEFENCE"":90,""SPECIAL"":154,""SPEED"":130}",{},"flash, strength","bide, blizzard, body-slam, bubble-beam, counter, double-edge, double-team, fire-blast, hyper-beam, ice-beam, mega-kick, mega-punch, metronome, mimic, pay-day, psychic, psywave, rage, reflect, rest, seismic-toss, self-destruct, skull-bash, solar-beam, submission, substitute, take-down, teleport, thunder, thunder-wave, thunderbolt, toxic, tri-attack, water-gun","[{""move"":""disable"",""level"":1},{""move"":""confusion"",""level"":1},{""move"":""psychic"",""level"":1},{""move"":""swift"",""level"":1},{""move"":""barrier"",""level"":63},{""move"":""psychic"",""level"":66},{""move"":""recover"",""level"":70},{""move"":""mist"",""level"":75},{""move"":""amnesia"",""level"":81}]"
151,mew,psychic,"{""HP"":100,""ATTACK"":100,""DEFENCE"":100,""SPECIAL"":100,""SPEED"":100}",{},"cut, flash, fly, strength, surf","bide, blizzard, body-slam, bubble-beam, counter, dig, double-edge, double-team, dragon-rage, dream-eater, earthquake, egg-bomb, explosion, fire-blast, fissure, horn-drill, hyper-beam, ice-beam, mega-drain, mega-kick, mega-punch, metronome, mimic, pay-day, psychic, psywave, rage, razor-wind, reflect, rest, rock-slide, seismic-toss, self-destruct, skull-bash, sky-attack, soft-boiled, solar-beam, submission, substitute, swift, swords-dance, take-down, teleport, thunder, thunder-wave, thunderbolt, toxic, tri-attack, water-gun, whirlwind","[{""move"":""pound"",""level"":1},{""move"":""transform"",""level"":10},{""move"":""mega-punch"",""level"":20},{""move"":""metronome"",""level"":30},{""move"":""psychic"",""level"":40}]"
